County,AgeGroups,AgeGrpNo,Working,NoWork,OutsideLabourForce,NotStated,Rented,GovernmentNo,GovernmentPcnt,CountyGovNo,CountyGovPcnt,ParastatalNo,ParastatalPcnt,PrivateNo,PrivatePcnt,IndividualPcnt,IndividualNo,otherNo,OtherPcnt,Total,Conventional,GroupQuarters,OwnedNo,OwnedPcnt,RentedNo,RentedPcnt,NotStatedNo,NotStatedPcnt,Population,NoofHouseholds,AvgHouseholdsize
BARINGO,Not Stated,1,,,,1,28282,1574,5.6,334,1.2,367,1.3,836,3,24892,88,279,1,142518,141877,641,113578,80.0999999999999,28282,19.9,17,0,662760,142518,47
BARINGO,18 to 24,89419,45237,8182,35995,5,28282,1574,5.6,334,1.2,367,1.3,836,3,24892,88,279,1,142518,141877,641,113578,80.0999999999999,28282,19.9,17,0,662760,142518,47
BARINGO,5 to 14,200603,33289,,167302,12,28282,1574,5.6,334,1.2,367,1.3,836,3,24892,88,279,1,142518,141877,641,113578,80.0999999999999,28282,19.9,17,0,662760,142518,47
BARINGO,15 to 17,52610,9685,1630,41293,2,28282,1574,5.6,334,1.2,367,1.3,836,3,24892,88,279,1,142518,141877,641,113578,80.0999999999999,28282,19.9,17,0,662760,142518,47
BARINGO,25 to 34,86059,66535,10104,9410,10,28282,1574,5.6,334,1.2,367,1.3,836,3,24892,88,279,1,142518,141877,641,113578,80.0999999999999,28282,19.9,17,0,662760,142518,47
BARINGO,35 to 64,113679,97729,7919,8022,9,28282,1574,5.6,334,1.2,367,1.3,836,3,24892,88,279,1,142518,141877,641,113578,80.0999999999999,28282,19.9,17,0,662760,142518,47
BARINGO,65 plus,25599,21028,769,3798,4,28282,1574,5.6,334,1.2,367,1.3,836,3,24892,88,279,1,142518,141877,641,113578,80.0999999999999,28282,19.9,17,0,662760,142518,47
BARINGO,Total,567970,273503,28604,265820,43,28282,1574,5.6,334,1.2,367,1.3,836,3,24892,88,279,1,142518,141877,641,113578,80.0999999999999,28282,19.9,17,0,662760,142518,47
BOMET,18 to 24,119220,59234,4876,55099,11,31630,565,1.8,437,1.4,178,0.6,7929,25.1,22218,70.2,303,1,187641,187230,411,155576,83.0999999999999,31630,16.9,24,0,873023,187641,47
BOMET,35 to 64,158008,149701,3801,4483,23,31630,565,1.8,437,1.4,178,0.6,7929,25.1,22218,70.2,303,1,187641,187230,411,155576,83.0999999999999,31630,16.9,24,0,873023,187641,47
BOMET,25 to 34,128309,112525,7011,8765,8,31630,565,1.8,437,1.4,178,0.6,7929,25.1,22218,70.2,303,1,187641,187230,411,155576,83.0999999999999,31630,16.9,24,0,873023,187641,47
BOMET,5 to 14,253691,5838,,247839,14,31630,565,1.8,437,1.4,178,0.6,7929,25.1,22218,70.2,303,1,187641,187230,411,155576,83.0999999999999,31630,16.9,24,0,873023,187641,47
BOMET,Total,762274,362007,16249,383946,72,31630,565,1.8,437,1.4,178,0.6,7929,25.1,22218,70.2,303,1,187641,187230,411,155576,83.0999999999999,31630,16.9,24,0,873023,187641,47
BOMET,Not Stated,3,,,,3,31630,565,1.8,437,1.4,178,0.6,7929,25.1,22218,70.2,303,1,187641,187230,411,155576,83.0999999999999,31630,16.9,24,0,873023,187641,47
BOMET,65 plus,31710,29537,229,1940,4,31630,565,1.8,437,1.4,178,0.6,7929,25.1,22218,70.2,303,1,187641,187230,411,155576,83.0999999999999,31630,16.9,24,0,873023,187641,47
BOMET,15 to 17,71333,5172,332,65820,9,31630,565,1.8,437,1.4,178,0.6,7929,25.1,22218,70.2,303,1,187641,187230,411,155576,83.0999999999999,31630,16.9,24,0,873023,187641,47
BUNGOMA,5 to 14,519430,24720,,494670,40,64317,1727,2.7,548,0.9,627,1,1330,2.1,59581,92.6,504,0.8,358796,357714,1082,293353,82,64317,18,44,0,1663898,358796,46
BUNGOMA,Total,1445146,629607,40627,774779,133,64317,1727,2.7,548,0.9,627,1,1330,2.1,59581,92.6,504,0.8,358796,357714,1082,293353,82,64317,18,44,0,1663898,358796,46
BUNGOMA,15 to 17,142634,13148,1119,128357,10,64317,1727,2.7,548,0.9,627,1,1330,2.1,59581,92.6,504,0.8,358796,357714,1082,293353,82,64317,18,44,0,1663898,358796,46
BUNGOMA,25 to 34,210584,173009,15779,21777,19,64317,1727,2.7,548,0.9,627,1,1330,2.1,59581,92.6,504,0.8,358796,357714,1082,293353,82,64317,18,44,0,1663898,358796,46
BUNGOMA,18 to 24,211244,96573,9852,104801,18,64317,1727,2.7,548,0.9,627,1,1330,2.1,59581,92.6,504,0.8,358796,357714,1082,293353,82,64317,18,44,0,1663898,358796,46
BUNGOMA,65 plus,59906,51323,984,7592,7,64317,1727,2.7,548,0.9,627,1,1330,2.1,59581,92.6,504,0.8,358796,357714,1082,293353,82,64317,18,44,0,1663898,358796,46
BUNGOMA,Not Stated,7,,,,7,64317,1727,2.7,548,0.9,627,1,1330,2.1,59581,92.6,504,0.8,358796,357714,1082,293353,82,64317,18,44,0,1663898,358796,46
BUNGOMA,35 to 64,301341,270834,12893,17582,32,64317,1727,2.7,548,0.9,627,1,1330,2.1,59581,92.6,504,0.8,358796,357714,1082,293353,82,64317,18,44,0,1663898,358796,46
BUSIA,5 to 14,265692,11986,,253698,8,10472,362,3.5,258,2.5,143,1.4,267,2.5,9423,90,19,0.2,198152,197944,208,161775,81.7,36137,18.3,32,0,886856,198152,45
BUSIA,25 to 34,111989,93410,8309,10265,5,36137,1117,3.1,486,1.3,448,1.2,790,2.2,33051,91.5,245,0.7,33160,33152,8,22664,68.4,10472,31.6,16,0,886856,198152,45
BUSIA,35 to 64,165420,149656,6895,8839,30,36137,1117,3.1,486,1.3,448,1.2,790,2.2,33051,91.5,245,0.7,33160,33152,8,22664,68.4,10472,31.6,16,0,886856,198152,45
BUSIA,18 to 24,116592,56026,5955,54603,8,36137,1117,3.1,486,1.3,448,1.2,790,2.2,33051,91.5,245,0.7,33160,33152,8,22664,68.4,10472,31.6,16,0,886856,198152,45
BUSIA,15 to 17,75992,8468,603,66918,3,36137,1117,3.1,486,1.3,448,1.2,790,2.2,33051,91.5,245,0.7,33160,33152,8,22664,68.4,10472,31.6,16,0,886856,198152,45
BUSIA,65 plus,38166,31861,563,5735,7,36137,1117,3.1,486,1.3,448,1.2,790,2.2,33051,91.5,245,0.7,33160,33152,8,22664,68.4,10472,31.6,16,0,886856,198152,45
BUSIA,Total,773860,351407,22325,400058,70,36137,1117,3.1,486,1.3,448,1.2,790,2.2,33051,91.5,245,0.7,33160,33152,8,22664,68.4,10472,31.6,16,0,886856,198152,45
BUSIA,Not Stated,9,,,,9,36137,1117,3.1,486,1.3,448,1.2,790,2.2,33051,91.5,245,0.7,33160,33152,8,22664,68.4,10472,31.6,16,0,886856,198152,45
ELGEYO/MARAKWET,18 to 24,62140,28457,3931,29740,12,17868,716,4,151,0.8,119,0.7,549,3.1,16129,90.3,204,1.1,99861,99119,742,81228,81.9,17868,18,23,0,,,
ELGEYO/MARAKWET,65 plus,19191,15497,484,3205,5,17868,716,4,151,0.8,119,0.7,549,3.1,16129,90.3,204,1.1,99861,99119,742,81228,81.9,17868,18,23,0,,,
ELGEYO/MARAKWET,5 to 14,130209,4162,,126029,18,17868,716,4,151,0.8,119,0.7,549,3.1,16129,90.3,204,1.1,99861,99119,742,81228,81.9,17868,18,23,0,,,
ELGEYO/MARAKWET,25 to 34,61557,49081,6055,6414,7,17868,716,4,151,0.8,119,0.7,549,3.1,16129,90.3,204,1.1,99861,99119,742,81228,81.9,17868,18,23,0,,,
ELGEYO/MARAKWET,15 to 17,35643,2684,306,32652,1,17868,716,4,151,0.8,119,0.7,549,3.1,16129,90.3,204,1.1,99861,99119,742,81228,81.9,17868,18,23,0,,,
ELGEYO/MARAKWET,Total,392505,172899,15407,204139,60,17868,716,4,151,0.8,119,0.7,549,3.1,16129,90.3,204,1.1,99861,99119,742,81228,81.9,17868,18,23,0,,,
ELGEYO/MARAKWET,Not Stated,1,,,,1,17868,716,4,151,0.8,119,0.7,549,3.1,16129,90.3,204,1.1,99861,99119,742,81228,81.9,17868,18,23,0,,,
ELGEYO/MARAKWET,35 to 64,83764,73018,4631,6099,16,17868,716,4,151,0.8,119,0.7,549,3.1,16129,90.3,204,1.1,99861,99119,742,81228,81.9,17868,18,23,0,,,
EMBU,35 to 64,169750,156479,7130,6125,16,49298,1812,3.7,136,0.3,344,0.7,1268,2.6,45359,92,379,0.8,182743,182427,316,133108,73,49298,27,21,0,604769,182743,33
EMBU,Total,543425,317105,19986,206286,48,49298,1812,3.7,136,0.3,344,0.7,1268,2.6,45359,92,379,0.8,182743,182427,316,133108,73,49298,27,21,0,604769,182743,33
EMBU,Not Stated,5,,,,5,49298,1812,3.7,136,0.3,344,0.7,1268,2.6,45359,92,379,0.8,182743,182427,316,133108,73,49298,27,21,0,604769,182743,33
EMBU,25 to 34,90844,77204,7093,6538,9,49298,1812,3.7,136,0.3,344,0.7,1268,2.6,45359,92,379,0.8,182743,182427,316,133108,73,49298,27,21,0,604769,182743,33
EMBU,15 to 17,40356,4048,330,35976,2,49298,1812,3.7,136,0.3,344,0.7,1268,2.6,45359,92,379,0.8,182743,182427,316,133108,73,49298,27,21,0,604769,182743,33
EMBU,18 to 24,75302,40853,5021,29426,2,49298,1812,3.7,136,0.3,344,0.7,1268,2.6,45359,92,379,0.8,182743,182427,316,133108,73,49298,27,21,0,604769,182743,33
EMBU,5 to 14,128640,4036,,124596,8,49298,1812,3.7,136,0.3,344,0.7,1268,2.6,45359,92,379,0.8,182743,182427,316,133108,73,49298,27,21,0,604769,182743,33
EMBU,65 plus,38528,34485,412,3625,6,49298,1812,3.7,136,0.3,344,0.7,1268,2.6,45359,92,379,0.8,182743,182427,316,133108,73,49298,27,21,0,604769,182743,33
GARISSA,18 to 24,125352,42540,47446,35336,30,11892,621,5.2,576,4.8,257,2.2,621,5.2,9782,82.3,35,0.3,141394,138940,2454,121453,87.4,17450,12.6,37,0,835482,141394,59
GARISSA,Not Stated,4,,,,4,17450,1090,6.2,947,5.4,432,2.5,866,5,13028,74.7,1087,6.2,30518,29790,728,17884,60,11892,39.9,14,0,835482,141394,59
GARISSA,Total,723909,259150,167274,297333,152,17450,1090,6.2,947,5.4,432,2.5,866,5,13028,74.7,1087,6.2,30518,29790,728,17884,60,11892,39.9,14,0,835482,141394,59
GARISSA,5 to 14,270735,85334,,185361,40,17450,1090,6.2,947,5.4,432,2.5,866,5,13028,74.7,1087,6.2,30518,29790,728,17884,60,11892,39.9,14,0,835482,141394,59
GARISSA,65 plus,14231,5263,4799,4163,6,17450,1090,6.2,947,5.4,432,2.5,866,5,13028,74.7,1087,6.2,30518,29790,728,17884,60,11892,39.9,14,0,835482,141394,59
GARISSA,35 to 64,122811,53918,46178,22686,29,17450,1090,6.2,947,5.4,432,2.5,866,5,13028,74.7,1087,6.2,30518,29790,728,17884,60,11892,39.9,14,0,835482,141394,59
GARISSA,15 to 17,76510,23761,25368,27371,10,17450,1090,6.2,947,5.4,432,2.5,866,5,13028,74.7,1087,6.2,30518,29790,728,17884,60,11892,39.9,14,0,835482,141394,59
GARISSA,25 to 34,114266,48334,43483,22416,33,17450,1090,6.2,947,5.4,432,2.5,866,5,13028,74.7,1087,6.2,30518,29790,728,17884,60,11892,39.9,14,0,835482,141394,59
HOMA BAY,35 to 64,194441,175868,7991,10562,20,48472,1376,2.8,911,1.9,507,1,1499,3.1,43566,89.9,613,1.3,262036,260290,1746,211772,81.4,48472,18.6,46,0,1125823,262036,43
HOMA BAY,65 plus,49180,39996,754,8420,10,11451,504,4.4,272,2.4,122,1.1,361,3.2,10087,88.1,105,0.9,29318,28471,847,17013,59.8,11451,40.2,7,0,1125823,262036,43
HOMA BAY,18 to 24,141184,65048,6938,69186,12,11451,504,4.4,272,2.4,122,1.1,361,3.2,10087,88.1,105,0.9,29318,28471,847,17013,59.8,11451,40.2,7,0,1125823,262036,43
HOMA BAY,Total,970400,419128,27424,523766,82,11451,504,4.4,272,2.4,122,1.1,361,3.2,10087,88.1,105,0.9,29318,28471,847,17013,59.8,11451,40.2,7,0,1125823,262036,43
HOMA BAY,Not Stated,8,,,,8,11451,504,4.4,272,2.4,122,1.1,361,3.2,10087,88.1,105,0.9,29318,28471,847,17013,59.8,11451,40.2,7,0,1125823,262036,43
HOMA BAY,5 to 14,347305,9468,,337820,17,11451,504,4.4,272,2.4,122,1.1,361,3.2,10087,88.1,105,0.9,29318,28471,847,17013,59.8,11451,40.2,7,0,1125823,262036,43
HOMA BAY,25 to 34,148284,122377,11197,14699,11,11451,504,4.4,272,2.4,122,1.1,361,3.2,10087,88.1,105,0.9,29318,28471,847,17013,59.8,11451,40.2,7,0,1125823,262036,43
HOMA BAY,15 to 17,89998,6371,544,83079,4,11451,504,4.4,272,2.4,122,1.1,361,3.2,10087,88.1,105,0.9,29318,28471,847,17013,59.8,11451,40.2,7,0,1125823,262036,43
ISIOLO,15 to 17,21120,6262,2413,12441,4,14918,794,5.3,198,1.3,115,0.8,344,2.3,13317,89.3,150,1,58072,53217,4855,38285,71.9,14918,28,14,0,267997,58072,46
ISIOLO,18 to 24,34759,16099,7298,11355,7,12934,624,4.8,127,1,111,0.9,328,2.5,11620,89.8,124,1,29853,27612,2241,14669,53.1,12934,46.8,9,0,267997,58072,46
ISIOLO,25 to 34,39026,24527,8547,5944,8,12934,624,4.8,127,1,111,0.9,328,2.5,11620,89.8,124,1,29853,27612,2241,14669,53.1,12934,46.8,9,0,267997,58072,46
ISIOLO,Total,227379,101678,27529,98134,38,12934,624,4.8,127,1,111,0.9,328,2.5,11620,89.8,124,1,29853,27612,2241,14669,53.1,12934,46.8,9,0,267997,58072,46
ISIOLO,Not Stated,1,,,,1,12934,624,4.8,127,1,111,0.9,328,2.5,11620,89.8,124,1,29853,27612,2241,14669,53.1,12934,46.8,9,0,267997,58072,46
ISIOLO,35 to 64,44301,29737,8364,6189,11,12934,624,4.8,127,1,111,0.9,328,2.5,11620,89.8,124,1,29853,27612,2241,14669,53.1,12934,46.8,9,0,267997,58072,46
ISIOLO,5 to 14,80059,20469,,59585,5,12934,624,4.8,127,1,111,0.9,328,2.5,11620,89.8,124,1,29853,27612,2241,14669,53.1,12934,46.8,9,0,267997,58072,46
ISIOLO,65 plus,8113,4584,907,2620,2,12934,624,4.8,127,1,111,0.9,328,2.5,11620,89.8,124,1,29853,27612,2241,14669,53.1,12934,46.8,9,0,267997,58072,46
KAJIADO,25 to 34,212424,155137,31344,25871,72,185863,1819,1,2576,1.4,1011,0.5,16740,9,162643,87.5,1074,0.6,316179,313218,2961,127223,40.6,185863,59.3,132,0,1107296,316179,35
KAJIADO,35 to 64,224284,179694,23947,20563,80,185863,1819,1,2576,1.4,1011,0.5,16740,9,162643,87.5,1074,0.6,316179,313218,2961,127223,40.6,185863,59.3,132,0,1107296,316179,35
KAJIADO,Total,951420,452921,79919,418261,319,185863,1819,1,2576,1.4,1011,0.5,16740,9,162643,87.5,1074,0.6,316179,313218,2961,127223,40.6,185863,59.3,132,0,1107296,316179,35
KAJIADO,Not Stated,17,,,,17,185863,1819,1,2576,1.4,1011,0.5,16740,9,162643,87.5,1074,0.6,316179,313218,2961,127223,40.6,185863,59.3,132,0,1107296,316179,35
KAJIADO,15 to 17,61781,6622,1796,53345,18,185863,1819,1,2576,1.4,1011,0.5,16740,9,162643,87.5,1074,0.6,316179,313218,2961,127223,40.6,185863,59.3,132,0,1107296,316179,35
KAJIADO,18 to 24,156110,74276,21476,60300,58,185863,1819,1,2576,1.4,1011,0.5,16740,9,162643,87.5,1074,0.6,316179,313218,2961,127223,40.6,185863,59.3,132,0,1107296,316179,35
KAJIADO,65 plus,23512,16524,1356,5622,10,185863,1819,1,2576,1.4,1011,0.5,16740,9,162643,87.5,1074,0.6,316179,313218,2961,127223,40.6,185863,59.3,132,0,1107296,316179,35
KAJIADO,5 to 14,273292,20668,,252560,64,185863,1819,1,2576,1.4,1011,0.5,16740,9,162643,87.5,1074,0.6,316179,313218,2961,127223,40.6,185863,59.3,132,0,1107296,316179,35
KAKAMEGA,18 to 24,230376,105247,12118,112965,46,62765,2495,4,1025,1.6,484,0.8,2570,4.1,55353,88.2,838,1.3,433207,432284,923,369381,85.4,62765,14.5,138,0,1861332,433207,43
KAKAMEGA,35 to 64,374088,336532,16512,20941,103,62765,2495,4,1025,1.6,484,0.8,2570,4.1,55353,88.2,838,1.3,433207,432284,923,369381,85.4,62765,14.5,138,0,1861332,433207,43
KAKAMEGA,65 plus,85701,72695,1272,11701,33,62765,2495,4,1025,1.6,484,0.8,2570,4.1,55353,88.2,838,1.3,433207,432284,923,369381,85.4,62765,14.5,138,0,1861332,433207,43
KAKAMEGA,5 to 14,559971,19573,,540308,90,62765,2495,4,1025,1.6,484,0.8,2570,4.1,55353,88.2,838,1.3,433207,432284,923,369381,85.4,62765,14.5,138,0,1861332,433207,43
KAKAMEGA,Not Stated,26,,,,26,62765,2495,4,1025,1.6,484,0.8,2570,4.1,55353,88.2,838,1.3,433207,432284,923,369381,85.4,62765,14.5,138,0,1861332,433207,43
KAKAMEGA,25 to 34,229677,189612,18362,21649,54,62765,2495,4,1025,1.6,484,0.8,2570,4.1,55353,88.2,838,1.3,433207,432284,923,369381,85.4,62765,14.5,138,0,1861332,433207,43
KAKAMEGA,15 to 17,155975,12943,1080,141933,19,62765,2495,4,1025,1.6,484,0.8,2570,4.1,55353,88.2,838,1.3,433207,432284,923,369381,85.4,62765,14.5,138,0,1861332,433207,43
KAKAMEGA,Total,1635814,736602,49344,849497,371,62765,2495,4,1025,1.6,484,0.8,2570,4.1,55353,88.2,838,1.3,433207,432284,923,369381,85.4,62765,14.5,138,0,1861332,433207,43
KENYA,25 to 34,7333397,5544992,939317,847376,1712,4660027,107462,2.3,64836,1.4,47904,1,278613,6,4123599,88.5,37613,0.8,12143913,12043016,100897,7379485,61.3,4660027,38.7,3504,0,47213282,12143913,39
KENYA,5 to 14,12505987,969868,,11534179,1940,4660027,107462,2.3,64836,1.4,47904,1,278613,6,4123599,88.5,37613,0.8,12143913,12043016,100897,7379485,61.3,4660027,38.7,3504,0,47213282,12143913,39
KENYA,Not Stated,571,,,,571,4660027,107462,2.3,64836,1.4,47904,1,278613,6,4123599,88.5,37613,0.8,12143913,12043016,100897,7379485,61.3,4660027,38.7,3504,0,47213282,12143913,39
KENYA,15 to 17,3360980,379497,127428,2853492,563,4660027,107462,2.3,64836,1.4,47904,1,278613,6,4123599,88.5,37613,0.8,12143913,12043016,100897,7379485,61.3,4660027,38.7,3504,0,47213282,12143913,39
KENYA,35 to 64,9886139,8371755,791492,720494,2398,4660027,107462,2.3,64836,1.4,47904,1,278613,6,4123599,88.5,37613,0.8,12143913,12043016,100897,7379485,61.3,4660027,38.7,3504,0,47213282,12143913,39
KENYA,65 plus,1860021,1519863,54754,284963,441,4660027,107462,2.3,64836,1.4,47904,1,278613,6,4123599,88.5,37613,0.8,12143913,12043016,100897,7379485,61.3,4660027,38.7,3504,0,47213282,12143913,39
KENYA,Total,41235190,19677401,2621158,18927688,8943,4660027,107462,2.3,64836,1.4,47904,1,278613,6,4123599,88.5,37613,0.8,12143913,12043016,100897,7379485,61.3,4660027,38.7,3504,0,47213282,12143913,39
KENYA,18 to 24,6288095,2891426,708167,2687184,1318,4660027,107462,2.3,64836,1.4,47904,1,278613,6,4123599,88.5,37613,0.8,12143913,12043016,100897,7379485,61.3,4660027,38.7,3504,0,47213282,12143913,39
KERICHO,5 to 14,244952,6564,,238338,50,52873,1648,3.1,422,0.8,799,1.5,9771,18.5,39853,75.4,380,0.7,206036,205932,104,152990,74.3,52873,25.7,69,0,896863,206036,44
KERICHO,Total,787507,391168,21807,374322,210,52873,1648,3.1,422,0.8,799,1.5,9771,18.5,39853,75.4,380,0.7,206036,205932,104,152990,74.3,52873,25.7,69,0,896863,206036,44
KERICHO,Not Stated,13,,,,13,52873,1648,3.1,422,0.8,799,1.5,9771,18.5,39853,75.4,380,0.7,206036,205932,104,152990,74.3,52873,25.7,69,0,896863,206036,44
KERICHO,18 to 24,123103,62199,6269,54612,23,52873,1648,3.1,422,0.8,799,1.5,9771,18.5,39853,75.4,380,0.7,206036,205932,104,152990,74.3,52873,25.7,69,0,896863,206036,44
KERICHO,35 to 64,176273,164864,5439,5918,52,52873,1648,3.1,422,0.8,799,1.5,9771,18.5,39853,75.4,380,0.7,206036,205932,104,152990,74.3,52873,25.7,69,0,896863,206036,44
KERICHO,65 plus,32966,30199,341,2418,8,52873,1648,3.1,422,0.8,799,1.5,9771,18.5,39853,75.4,380,0.7,206036,205932,104,152990,74.3,52873,25.7,69,0,896863,206036,44
KERICHO,15 to 17,68385,5456,397,62517,15,52873,1648,3.1,422,0.8,799,1.5,9771,18.5,39853,75.4,380,0.7,206036,205932,104,152990,74.3,52873,25.7,69,0,896863,206036,44
KERICHO,25 to 34,141815,121886,9361,10519,49,52873,1648,3.1,422,0.8,799,1.5,9771,18.5,39853,75.4,380,0.7,206036,205932,104,152990,74.3,52873,25.7,69,0,896863,206036,44
KIAMBU,Not Stated,36,,,,36,498012,6371,1.3,3587,0.7,2529,0.5,27933,5.6,454827,91.3,2765,0.6,795241,792333,2908,294040,37.1,498012,62.9,281,0,2402834,795241,30
KIAMBU,Total,2125316,1116365,165846,842577,528,31003,631,2,94,0.3,154,0.5,2738,8.8,27309,88.1,77,0.2,47275,46816,459,15786,33.7,31003,66.2,27,0.1,2402834,795241,30
KIAMBU,25 to 34,480432,360020,62922,57359,131,31003,631,2,94,0.3,154,0.5,2738,8.8,27309,88.1,77,0.2,47275,46816,459,15786,33.7,31003,66.2,27,0.1,2402834,795241,30
KIAMBU,15 to 17,126170,6333,1815,117999,23,31003,631,2,94,0.3,154,0.5,2738,8.8,27309,88.1,77,0.2,47275,46816,459,15786,33.7,31003,66.2,27,0.1,2402834,795241,30
KIAMBU,35 to 64,617872,519386,53077,45267,142,31003,631,2,94,0.3,154,0.5,2738,8.8,27309,88.1,77,0.2,47275,46816,459,15786,33.7,31003,66.2,27,0.1,2402834,795241,30
KIAMBU,65 plus,85720,65471,1886,18333,30,31003,631,2,94,0.3,154,0.5,2738,8.8,27309,88.1,77,0.2,47275,46816,459,15786,33.7,31003,66.2,27,0.1,2402834,795241,30
KIAMBU,18 to 24,348011,160897,46146,140871,97,31003,631,2,94,0.3,154,0.5,2738,8.8,27309,88.1,77,0.2,47275,46816,459,15786,33.7,31003,66.2,27,0.1,2402834,795241,30
KIAMBU,5 to 14,467075,4258,,462748,69,31003,631,2,94,0.3,154,0.5,2738,8.8,27309,88.1,77,0.2,47275,46816,459,15786,33.7,31003,66.2,27,0.1,2402834,795241,30
KILIFI,25 to 34,205386,154294,27712,23339,41,98466,1965,2,1015,1,768,0.8,5410,5.5,88782,90.2,526,0.5,298472,297990,482,199451,66.9,98466,33,73,0,1440958,298472,48
KILIFI,15 to 17,106780,7783,1733,97249,15,98466,1965,2,1015,1,768,0.8,5410,5.5,88782,90.2,526,0.5,298472,297990,482,199451,66.9,98466,33,73,0,1440958,298472,48
KILIFI,Total,1240674,534420,77211,628808,235,98466,1965,2,1015,1,768,0.8,5410,5.5,88782,90.2,526,0.5,298472,297990,482,199451,66.9,98466,33,73,0,1440958,298472,48
KILIFI,35 to 64,265114,217054,24601,23395,64,98466,1965,2,1015,1,768,0.8,5410,5.5,88782,90.2,526,0.5,298472,297990,482,199451,66.9,98466,33,73,0,1440958,298472,48
KILIFI,65 plus,55546,44781,2010,8736,19,98466,1965,2,1015,1,768,0.8,5410,5.5,88782,90.2,526,0.5,298472,297990,482,199451,66.9,98466,33,73,0,1440958,298472,48
KILIFI,Not Stated,16,,,,16,98466,1965,2,1015,1,768,0.8,5410,5.5,88782,90.2,526,0.5,298472,297990,482,199451,66.9,98466,33,73,0,1440958,298472,48
KILIFI,18 to 24,197338,89307,21155,86852,24,98466,1965,2,1015,1,768,0.8,5410,5.5,88782,90.2,526,0.5,298472,297990,482,199451,66.9,98466,33,73,0,1440958,298472,48
KILIFI,5 to 14,410494,21201,,389237,56,98466,1965,2,1015,1,768,0.8,5410,5.5,88782,90.2,526,0.5,298472,297990,482,199451,66.9,98466,33,73,0,1440958,298472,48
KIRINYAGA,25 to 34,90620,79001,6231,5381,7,61325,1397,2.3,288,0.5,517,0.8,1392,2.3,57282,93.4,449,0.7,204188,203576,612,142225,69.9,61325,30.1,26,0,605630,204188,30
KIRINYAGA,5 to 14,117875,1640,,116233,2,61325,1397,2.3,288,0.5,517,0.8,1392,2.3,57282,93.4,449,0.7,204188,203576,612,142225,69.9,61325,30.1,26,0,605630,204188,30
KIRINYAGA,Not Stated,6,,,,6,61325,1397,2.3,288,0.5,517,0.8,1392,2.3,57282,93.4,449,0.7,204188,203576,612,142225,69.9,61325,30.1,26,0,605630,204188,30
KIRINYAGA,Total,548367,337519,17941,192868,39,61325,1397,2.3,288,0.5,517,0.8,1392,2.3,57282,93.4,449,0.7,204188,203576,612,142225,69.9,61325,30.1,26,0,605630,204188,30
KIRINYAGA,35 to 64,196827,184682,6687,5442,16,61325,1397,2.3,288,0.5,517,0.8,1392,2.3,57282,93.4,449,0.7,204188,203576,612,142225,69.9,61325,30.1,26,0,605630,204188,30
KIRINYAGA,15 to 17,37071,2285,260,34524,2,61325,1397,2.3,288,0.5,517,0.8,1392,2.3,57282,93.4,449,0.7,204188,203576,612,142225,69.9,61325,30.1,26,0,605630,204188,30
KIRINYAGA,18 to 24,66597,35198,4412,26985,2,61325,1397,2.3,288,0.5,517,0.8,1392,2.3,57282,93.4,449,0.7,204188,203576,612,142225,69.9,61325,30.1,26,0,605630,204188,30
KIRINYAGA,65 plus,39371,34713,351,4303,4,61325,1397,2.3,288,0.5,517,0.8,1392,2.3,57282,93.4,449,0.7,204188,203576,612,142225,69.9,61325,30.1,26,0,605630,204188,30
KISII,Not Stated,13,,,,13,52130,1226,2.4,685,1.3,265,0.5,1092,2.1,48565,93.2,297,0.6,308054,307254,800,255080,83,52130,17,44,0,1260509,308054,41
KISII,15 to 17,97347,6924,763,89655,5,52130,1226,2.4,685,1.3,265,0.5,1092,2.1,48565,93.2,297,0.6,308054,307254,800,255080,83,52130,17,44,0,1260509,308054,41
KISII,18 to 24,153650,71117,9879,72629,25,52130,1226,2.4,685,1.3,265,0.5,1092,2.1,48565,93.2,297,0.6,308054,307254,800,255080,83,52130,17,44,0,1260509,308054,41
KISII,65 plus,57099,45899,1087,10103,10,52130,1226,2.4,685,1.3,265,0.5,1092,2.1,48565,93.2,297,0.6,308054,307254,800,255080,83,52130,17,44,0,1260509,308054,41
KISII,35 to 64,259439,228590,12984,17828,37,52130,1226,2.4,685,1.3,265,0.5,1092,2.1,48565,93.2,297,0.6,308054,307254,800,255080,83,52130,17,44,0,1260509,308054,41
KISII,5 to 14,366544,8245,,358273,26,52130,1226,2.4,685,1.3,265,0.5,1092,2.1,48565,93.2,297,0.6,308054,307254,800,255080,83,52130,17,44,0,1260509,308054,41
KISII,25 to 34,183228,146916,16553,19736,23,52130,1226,2.4,685,1.3,265,0.5,1092,2.1,48565,93.2,297,0.6,308054,307254,800,255080,83,52130,17,44,0,1260509,308054,41
KISII,Total,1117320,507691,41266,568224,139,52130,1226,2.4,685,1.3,265,0.5,1092,2.1,48565,93.2,297,0.6,308054,307254,800,255080,83,52130,17,44,0,1260509,308054,41
KISUMU,Not Stated,26,,,,26,120033,4039,3.4,1306,1.1,3100,2.6,3423,2.9,107400,89.5,765,0.6,300745,296846,3899,176699,59.5,120033,40.4,114,0,1144777,300745,38
KISUMU,18 to 24,160982,64759,13798,82378,47,120033,4039,3.4,1306,1.1,3100,2.6,3423,2.9,107400,89.5,765,0.6,300745,296846,3899,176699,59.5,120033,40.4,114,0,1144777,300745,38
KISUMU,65 plus,44266,34866,796,8588,16,120033,4039,3.4,1306,1.1,3100,2.6,3423,2.9,107400,89.5,765,0.6,300745,296846,3899,176699,59.5,120033,40.4,114,0,1144777,300745,38
KISUMU,15 to 17,84942,4736,800,79390,16,120033,4039,3.4,1306,1.1,3100,2.6,3423,2.9,107400,89.5,765,0.6,300745,296846,3899,176699,59.5,120033,40.4,114,0,1144777,300745,38
KISUMU,25 to 34,183956,138596,20867,24441,52,120033,4039,3.4,1306,1.1,3100,2.6,3423,2.9,107400,89.5,765,0.6,300745,296846,3899,176699,59.5,120033,40.4,114,0,1144777,300745,38
KISUMU,5 to 14,310878,4754,,306069,55,120033,4039,3.4,1306,1.1,3100,2.6,3423,2.9,107400,89.5,765,0.6,300745,296846,3899,176699,59.5,120033,40.4,114,0,1144777,300745,38
KISUMU,35 to 64,219036,186601,14582,17765,88,120033,4039,3.4,1306,1.1,3100,2.6,3423,2.9,107400,89.5,765,0.6,300745,296846,3899,176699,59.5,120033,40.4,114,0,1144777,300745,38
KISUMU,Total,1004086,434312,50843,518631,300,120033,4039,3.4,1306,1.1,3100,2.6,3423,2.9,107400,89.5,765,0.6,300745,296846,3899,176699,59.5,120033,40.4,114,0,1144777,300745,38
KITUI,15 to 17,100719,7977,779,91952,11,37132,1344,3.6,229,0.6,200,0.5,1212,3.3,33738,90.9,409,1.1,262942,261814,1128,224626,85.8,37132,14.2,56,0,1130134,262942,43
KITUI,Not Stated,10,,,,10,37132,1344,3.6,229,0.6,200,0.5,1212,3.3,33738,90.9,409,1.1,262942,261814,1128,224626,85.8,37132,14.2,56,0,1130134,262942,43
KITUI,25 to 34,134497,115028,10465,8985,19,37132,1344,3.6,229,0.6,200,0.5,1212,3.3,33738,90.9,409,1.1,262942,261814,1128,224626,85.8,37132,14.2,56,0,1130134,262942,43
KITUI,18 to 24,137905,66609,7817,63466,13,37132,1344,3.6,229,0.6,200,0.5,1212,3.3,33738,90.9,409,1.1,262942,261814,1128,224626,85.8,37132,14.2,56,0,1130134,262942,43
KITUI,Total,1004160,486486,31902,485625,147,37132,1344,3.6,229,0.6,200,0.5,1212,3.3,33738,90.9,409,1.1,262942,261814,1128,224626,85.8,37132,14.2,56,0,1130134,262942,43
KITUI,5 to 14,317256,12148,,305074,34,37132,1344,3.6,229,0.6,200,0.5,1212,3.3,33738,90.9,409,1.1,262942,261814,1128,224626,85.8,37132,14.2,56,0,1130134,262942,43
KITUI,35 to 64,242219,220328,11611,10228,52,37132,1344,3.6,229,0.6,200,0.5,1212,3.3,33738,90.9,409,1.1,262942,261814,1128,224626,85.8,37132,14.2,56,0,1130134,262942,43
KITUI,65 plus,71554,64396,1230,5920,8,37132,1344,3.6,229,0.6,200,0.5,1212,3.3,33738,90.9,409,1.1,262942,261814,1128,224626,85.8,37132,14.2,56,0,1130134,262942,43
KWALE,Not Stated,10,,,,10,39612,849,2.1,489,1.2,265,0.7,1578,4,36170,91.3,261,0.7,173176,172802,374,133135,77,39612,22.9,55,0,858748,173176,50
KWALE,65 plus,32755,26535,1471,4739,10,39612,849,2.1,489,1.2,265,0.7,1578,4,36170,91.3,261,0.7,173176,172802,374,133135,77,39612,22.9,55,0,858748,173176,50
KWALE,5 to 14,255799,24000,,231756,43,39612,849,2.1,489,1.2,265,0.7,1578,4,36170,91.3,261,0.7,173176,172802,374,133135,77,39612,22.9,55,0,858748,173176,50
KWALE,35 to 64,156787,129684,14669,12385,49,39612,849,2.1,489,1.2,265,0.7,1578,4,36170,91.3,261,0.7,173176,172802,374,133135,77,39612,22.9,55,0,858748,173176,50
KWALE,15 to 17,60598,8881,1418,50290,9,39612,849,2.1,489,1.2,265,0.7,1578,4,36170,91.3,261,0.7,173176,172802,374,133135,77,39612,22.9,55,0,858748,173176,50
KWALE,18 to 24,106584,55440,11314,39807,23,39612,849,2.1,489,1.2,265,0.7,1578,4,36170,91.3,261,0.7,173176,172802,374,133135,77,39612,22.9,55,0,858748,173176,50
KWALE,Total,728767,333587,44175,350840,165,39612,849,2.1,489,1.2,265,0.7,1578,4,36170,91.3,261,0.7,173176,172802,374,133135,77,39612,22.9,55,0,858748,173176,50
KWALE,25 to 34,116234,89047,15303,11863,21,39612,849,2.1,489,1.2,265,0.7,1578,4,36170,91.3,261,0.7,173176,172802,374,133135,77,39612,22.9,55,0,858748,173176,50
LAIKIPIA,15 to 17,36222,4236,647,31339,,56835,1872,3.3,945,1.7,289,0.5,4464,7.9,48763,85.8,502,0.9,149271,145776,3495,88923,61,56835,39,18,0,513879,149271,34
LAIKIPIA,65 plus,25077,21975,459,2636,7,56835,1872,3.3,945,1.7,289,0.5,4464,7.9,48763,85.8,502,0.9,149271,145776,3495,88923,61,56835,39,18,0,513879,149271,34
LAIKIPIA,5 to 14,129131,10985,,118139,7,56835,1872,3.3,945,1.7,289,0.5,4464,7.9,48763,85.8,502,0.9,149271,145776,3495,88923,61,56835,39,18,0,513879,149271,34
LAIKIPIA,Total,448546,239295,21564,187649,38,56835,1872,3.3,945,1.7,289,0.5,4464,7.9,48763,85.8,502,0.9,149271,145776,3495,88923,61,56835,39,18,0,513879,149271,34
LAIKIPIA,Not Stated,3,,,,3,56835,1872,3.3,945,1.7,289,0.5,4464,7.9,48763,85.8,502,0.9,149271,145776,3495,88923,61,56835,39,18,0,513879,149271,34
LAIKIPIA,25 to 34,73066,60165,7316,5579,6,56835,1872,3.3,945,1.7,289,0.5,4464,7.9,48763,85.8,502,0.9,149271,145776,3495,88923,61,56835,39,18,0,513879,149271,34
LAIKIPIA,18 to 24,62901,32613,5707,24576,5,56835,1872,3.3,945,1.7,289,0.5,4464,7.9,48763,85.8,502,0.9,149271,145776,3495,88923,61,56835,39,18,0,513879,149271,34
LAIKIPIA,35 to 64,122146,109321,7435,5380,10,56835,1872,3.3,945,1.7,289,0.5,4464,7.9,48763,85.8,502,0.9,149271,145776,3495,88923,61,56835,39,18,0,513879,149271,34
LAMU,35 to 64,31188,25012,2371,3791,14,10981,536,4.9,63,0.6,24,0.2,260,2.4,9929,90.4,169,1.5,37963,34231,3732,23238,67.9,10981,32.1,12,0,141909,37963,37
LAMU,Total,123237,60478,6802,55921,36,10981,536,4.9,63,0.6,24,0.2,260,2.4,9929,90.4,169,1.5,37963,34231,3732,23238,67.9,10981,32.1,12,0,141909,37963,37
LAMU,65 plus,5657,3995,169,1491,2,10981,536,4.9,63,0.6,24,0.2,260,2.4,9929,90.4,169,1.5,37963,34231,3732,23238,67.9,10981,32.1,12,0,141909,37963,37
LAMU,5 to 14,36847,3290,,33553,4,10981,536,4.9,63,0.6,24,0.2,260,2.4,9929,90.4,169,1.5,37963,34231,3732,23238,67.9,10981,32.1,12,0,141909,37963,37
LAMU,15 to 17,9362,1292,215,7854,1,10981,536,4.9,63,0.6,24,0.2,260,2.4,9929,90.4,169,1.5,37963,34231,3732,23238,67.9,10981,32.1,12,0,141909,37963,37
LAMU,18 to 24,18425,9865,1867,6688,5,10981,536,4.9,63,0.6,24,0.2,260,2.4,9929,90.4,169,1.5,37963,34231,3732,23238,67.9,10981,32.1,12,0,141909,37963,37
LAMU,25 to 34,21754,17024,2180,2544,6,10981,536,4.9,63,0.6,24,0.2,260,2.4,9929,90.4,169,1.5,37963,34231,3732,23238,67.9,10981,32.1,12,0,141909,37963,37
LAMU,Not Stated,4,,,,4,10981,536,4.9,63,0.6,24,0.2,260,2.4,9929,90.4,169,1.5,37963,34231,3732,23238,67.9,10981,32.1,12,0,141909,37963,37
MACHAKOS,25 to 34,229012,178193,28986,21793,40,21246,806,3.8,94,0.4,167,0.8,450,2.1,19580,92.2,149,0.7,402466,399523,2943,257882,64.5,141539,35.4,102,0,1414022,402466,35
MACHAKOS,Not Stated,13,,,,13,141539,1900,1.3,1329,0.9,1762,1.2,8930,6.3,126718,89.5,900,0.6,50979,50753,226,29501,58.1,21246,41.9,6,0,1414022,402466,35
MACHAKOS,18 to 24,182209,87810,19736,74632,31,141539,1900,1.3,1329,0.9,1762,1.2,8930,6.3,126718,89.5,900,0.6,50979,50753,226,29501,58.1,21246,41.9,6,0,1414022,402466,35
MACHAKOS,Total,1267555,670368,76771,520217,199,141539,1900,1.3,1329,0.9,1762,1.2,8930,6.3,126718,89.5,900,0.6,50979,50753,226,29501,58.1,21246,41.9,6,0,1414022,402466,35
MACHAKOS,65 plus,79223,70638,1147,7429,9,141539,1900,1.3,1329,0.9,1762,1.2,8930,6.3,126718,89.5,900,0.6,50979,50753,226,29501,58.1,21246,41.9,6,0,1414022,402466,35
MACHAKOS,5 to 14,315896,6324,,309539,33,141539,1900,1.3,1329,0.9,1762,1.2,8930,6.3,126718,89.5,900,0.6,50979,50753,226,29501,58.1,21246,41.9,6,0,1414022,402466,35
MACHAKOS,35 to 64,367045,321256,25893,19835,61,141539,1900,1.3,1329,0.9,1762,1.2,8930,6.3,126718,89.5,900,0.6,50979,50753,226,29501,58.1,21246,41.9,6,0,1414022,402466,35
MACHAKOS,15 to 17,94157,6147,1009,86989,12,141539,1900,1.3,1329,0.9,1762,1.2,8930,6.3,126718,89.5,900,0.6,50979,50753,226,29501,58.1,21246,41.9,6,0,1414022,402466,35
MAKUENI,Total,880923,456299,32008,392458,158,45609,1054,2.3,695,1.5,236,0.5,2339,5.1,40684,89.2,601,1.3,34479,34352,127,24768,72.0999999999999,9580,27.9,4,0,977015,244669,40
MAKUENI,25 to 34,128973,109335,11264,8352,22,9580,295,3.1,71,0.7,16,0.2,202,2.1,8920,93.1,76,0.8,244669,243979,690,198314,81.3,45609,18.7,56,0,977015,244669,40
MAKUENI,18 to 24,120225,58037,7650,54514,24,9580,295,3.1,71,0.7,16,0.2,202,2.1,8920,93.1,76,0.8,244669,243979,690,198314,81.3,45609,18.7,56,0,977015,244669,40
MAKUENI,5 to 14,247033,5391,,241611,31,9580,295,3.1,71,0.7,16,0.2,202,2.1,8920,93.1,76,0.8,244669,243979,690,198314,81.3,45609,18.7,56,0,977015,244669,40
MAKUENI,65 plus,66411,61227,824,4345,15,9580,295,3.1,71,0.7,16,0.2,202,2.1,8920,93.1,76,0.8,244669,243979,690,198314,81.3,45609,18.7,56,0,977015,244669,40
MAKUENI,15 to 17,80688,4506,485,75686,11,9580,295,3.1,71,0.7,16,0.2,202,2.1,8920,93.1,76,0.8,244669,243979,690,198314,81.3,45609,18.7,56,0,977015,244669,40
MAKUENI,35 to 64,237586,217803,11785,7950,48,9580,295,3.1,71,0.7,16,0.2,202,2.1,8920,93.1,76,0.8,244669,243979,690,198314,81.3,45609,18.7,56,0,977015,244669,40
MAKUENI,Not Stated,7,,,,7,9580,295,3.1,71,0.7,16,0.2,202,2.1,8920,93.1,76,0.8,244669,243979,690,198314,81.3,45609,18.7,56,0,977015,244669,40
MANDERA,18 to 24,108142,46918,27176,34029,19,9410,387,4.1,434,4.6,261,2.8,461,4.9,7774,82.6,93,1,125763,123954,1809,114521,92.4,9410,7.6,23,0,862079,125763,69
MANDERA,5 to 14,313355,114937,,198368,50,9410,387,4.1,434,4.6,261,2.8,461,4.9,7774,82.6,93,1,125763,123954,1809,114521,92.4,9410,7.6,23,0,862079,125763,69
MANDERA,15 to 17,71718,26356,15726,29630,6,9410,387,4.1,434,4.6,261,2.8,461,4.9,7774,82.6,93,1,125763,123954,1809,114521,92.4,9410,7.6,23,0,862079,125763,69
MANDERA,Not Stated,1,,,,1,9410,387,4.1,434,4.6,261,2.8,461,4.9,7774,82.6,93,1,125763,123954,1809,114521,92.4,9410,7.6,23,0,862079,125763,69
MANDERA,65 plus,12496,6822,2504,3170,,9410,387,4.1,434,4.6,261,2.8,461,4.9,7774,82.6,93,1,125763,123954,1809,114521,92.4,9410,7.6,23,0,862079,125763,69
MANDERA,35 to 64,97064,55498,23568,17980,18,9410,387,4.1,434,4.6,261,2.8,461,4.9,7774,82.6,93,1,125763,123954,1809,114521,92.4,9410,7.6,23,0,862079,125763,69
MANDERA,25 to 34,98411,52765,24832,20783,31,9410,387,4.1,434,4.6,261,2.8,461,4.9,7774,82.6,93,1,125763,123954,1809,114521,92.4,9410,7.6,23,0,862079,125763,69
MANDERA,Total,701187,303296,93806,303960,125,9410,387,4.1,434,4.6,261,2.8,461,4.9,7774,82.6,93,1,125763,123954,1809,114521,92.4,9410,7.6,23,0,862079,125763,69
MARSABIT,Not Stated,5,,,,5,10561,572,5.4,169,1.6,90,0.9,256,2.4,9329,88.3,145,1.4,77495,76689,806,66082,86.2,10561,13.8,46,0.1,447150,77495,58
MARSABIT,5 to 14,145629,49486,,96034,109,10561,572,5.4,169,1.6,90,0.9,256,2.4,9329,88.3,145,1.4,77495,76689,806,66082,86.2,10561,13.8,46,0.1,447150,77495,58
MARSABIT,15 to 17,37619,13751,6353,17510,5,10561,572,5.4,169,1.6,90,0.9,256,2.4,9329,88.3,145,1.4,77495,76689,806,66082,86.2,10561,13.8,46,0.1,447150,77495,58
MARSABIT,Total,378184,178797,47232,151967,188,10561,572,5.4,169,1.6,90,0.9,256,2.4,9329,88.3,145,1.4,77495,76689,806,66082,86.2,10561,13.8,46,0.1,447150,77495,58
MARSABIT,35 to 64,63564,41948,12640,8950,26,10561,572,5.4,169,1.6,90,0.9,256,2.4,9329,88.3,145,1.4,77495,76689,806,66082,86.2,10561,13.8,46,0.1,447150,77495,58
MARSABIT,18 to 24,59128,29157,13009,16949,13,10561,572,5.4,169,1.6,90,0.9,256,2.4,9329,88.3,145,1.4,77495,76689,806,66082,86.2,10561,13.8,46,0.1,447150,77495,58
MARSABIT,65 plus,13730,8121,1777,3830,2,10561,572,5.4,169,1.6,90,0.9,256,2.4,9329,88.3,145,1.4,77495,76689,806,66082,86.2,10561,13.8,46,0.1,447150,77495,58
MARSABIT,25 to 34,58509,36334,13453,8694,28,10561,572,5.4,169,1.6,90,0.9,256,2.4,9329,88.3,145,1.4,77495,76689,806,66082,86.2,10561,13.8,46,0.1,447150,77495,58
MERU,Total,1365848,700387,76275,588805,381,109916,1698,1.5,847,0.8,597,0.5,2596,2.4,103275,94,903,0.8,426360,423931,2429,313867,74,109916,25.9,148,0,1535635,426360,36
MERU,65 plus,86360,69874,2138,14327,21,109916,1698,1.5,847,0.8,597,0.5,2596,2.4,103275,94,903,0.8,426360,423931,2429,313867,74,109916,25.9,148,0,1535635,426360,36
MERU,18 to 24,190702,94545,18535,77573,49,109916,1698,1.5,847,0.8,597,0.5,2596,2.4,103275,94,903,0.8,426360,423931,2429,313867,74,109916,25.9,148,0,1535635,426360,36
MERU,35 to 64,388090,334518,26561,26881,130,109916,1698,1.5,847,0.8,597,0.5,2596,2.4,103275,94,903,0.8,426360,423931,2429,313867,74,109916,25.9,148,0,1535635,426360,36
MERU,25 to 34,227794,177381,26396,23959,58,109916,1698,1.5,847,0.8,597,0.5,2596,2.4,103275,94,903,0.8,426360,423931,2429,313867,74,109916,25.9,148,0,1535635,426360,36
MERU,5 to 14,368655,11948,,356629,78,109916,1698,1.5,847,0.8,597,0.5,2596,2.4,103275,94,903,0.8,426360,423931,2429,313867,74,109916,25.9,148,0,1535635,426360,36
MERU,Not Stated,25,,,,25,109916,1698,1.5,847,0.8,597,0.5,2596,2.4,103275,94,903,0.8,426360,423931,2429,313867,74,109916,25.9,148,0,1535635,426360,36
MERU,15 to 17,104222,12121,2645,89436,20,109916,1698,1.5,847,0.8,597,0.5,2596,2.4,103275,94,903,0.8,426360,423931,2429,313867,74,109916,25.9,148,0,1535635,426360,36
MIGORI,18 to 24,147370,72184,9004,66150,32,49346,1125,2.3,580,1.2,1131,2.3,1125,2.3,44884,91,501,1,240168,238133,2035,188705,79.2,49346,20.7,82,0,1108950,240168,46
MIGORI,35 to 64,177832,156525,9444,11809,54,49346,1125,2.3,580,1.2,1131,2.3,1125,2.3,44884,91,501,1,240168,238133,2035,188705,79.2,49346,20.7,82,0,1108950,240168,46
MIGORI,Not Stated,15,,,,15,49346,1125,2.3,580,1.2,1131,2.3,1125,2.3,44884,91,501,1,240168,238133,2035,188705,79.2,49346,20.7,82,0,1108950,240168,46
MIGORI,Total,948018,400538,33117,514155,208,49346,1125,2.3,580,1.2,1131,2.3,1125,2.3,44884,91,501,1,240168,238133,2035,188705,79.2,49346,20.7,82,0,1108950,240168,46
MIGORI,25 to 34,150819,121772,12841,16169,37,49346,1125,2.3,580,1.2,1131,2.3,1125,2.3,44884,91,501,1,240168,238133,2035,188705,79.2,49346,20.7,82,0,1108950,240168,46
MIGORI,5 to 14,349825,13355,,336414,56,49346,1125,2.3,580,1.2,1131,2.3,1125,2.3,44884,91,501,1,240168,238133,2035,188705,79.2,49346,20.7,82,0,1108950,240168,46
MIGORI,15 to 17,86236,8280,1055,76893,8,49346,1125,2.3,580,1.2,1131,2.3,1125,2.3,44884,91,501,1,240168,238133,2035,188705,79.2,49346,20.7,82,0,1108950,240168,46
MIGORI,65 plus,35921,28422,773,6720,6,49346,1125,2.3,580,1.2,1131,2.3,1125,2.3,44884,91,501,1,240168,238133,2035,188705,79.2,49346,20.7,82,0,1108950,240168,46
MOMBASA,65 plus,22494,7496,2165,12826,7,297830,5649,1.9,6056,2,4034,1.4,16131,5.4,265188,89,772,0.3,378422,376295,2127,78346,20.8,297830,79.0999999999999,119,0,1190987,378422,31
MOMBASA,18 to 24,179599,64289,38583,76691,36,297830,5649,1.9,6056,2,4034,1.4,16131,5.4,265188,89,772,0.3,378422,376295,2127,78346,20.8,297830,79.0999999999999,119,0,1190987,378422,31
MOMBASA,15 to 17,56896,2823,2632,51432,9,297830,5649,1.9,6056,2,4034,1.4,16131,5.4,265188,89,772,0.3,378422,376295,2127,78346,20.8,297830,79.0999999999999,119,0,1190987,378422,31
MOMBASA,25 to 34,260491,158840,53967,47620,64,297830,5649,1.9,6056,2,4034,1.4,16131,5.4,265188,89,772,0.3,378422,376295,2127,78346,20.8,297830,79.0999999999999,119,0,1190987,378422,31
MOMBASA,Not Stated,24,,,,24,297830,5649,1.9,6056,2,4034,1.4,16131,5.4,265188,89,772,0.3,378422,376295,2127,78346,20.8,297830,79.0999999999999,119,0,1190987,378422,31
MOMBASA,5 to 14,243191,3289,,239864,38,297830,5649,1.9,6056,2,4034,1.4,16131,5.4,265188,89,772,0.3,378422,376295,2127,78346,20.8,297830,79.0999999999999,119,0,1190987,378422,31
MOMBASA,35 to 64,280908,186702,44595,49532,79,297830,5649,1.9,6056,2,4034,1.4,16131,5.4,265188,89,772,0.3,378422,376295,2127,78346,20.8,297830,79.0999999999999,119,0,1190987,378422,31
MOMBASA,Total,1043603,423439,141942,477965,257,297830,5649,1.9,6056,2,4034,1.4,16131,5.4,265188,89,772,0.3,378422,376295,2127,78346,20.8,297830,79.0999999999999,119,0,1190987,378422,31
MURANG'A,25 to 34,135680,115912,11115,8636,17,75177,1966,2.6,292,0.4,583,0.8,5834,7.8,65898,87.7,604,0.8,318105,317496,609,242262,76.3,75177,23.7,57,0,1053059,318105,33
MURANG'A,35 to 64,306001,284638,12839,8483,41,75177,1966,2.6,292,0.4,583,0.8,5834,7.8,65898,87.7,604,0.8,318105,317496,609,242262,76.3,75177,23.7,57,0,1053059,318105,33
MURANG'A,Not Stated,12,,,,12,75177,1966,2.6,292,0.4,583,0.8,5834,7.8,65898,87.7,604,0.8,318105,317496,609,242262,76.3,75177,23.7,57,0,1053059,318105,33
MURANG'A,Total,942756,549832,33957,358831,136,75177,1966,2.6,292,0.4,583,0.8,5834,7.8,65898,87.7,604,0.8,318105,317496,609,242262,76.3,75177,23.7,57,0,1053059,318105,33
MURANG'A,18 to 24,111584,59164,8797,43607,16,75177,1966,2.6,292,0.4,583,0.8,5834,7.8,65898,87.7,604,0.8,318105,317496,609,242262,76.3,75177,23.7,57,0,1053059,318105,33
MURANG'A,15 to 17,68440,4946,562,62926,6,75177,1966,2.6,292,0.4,583,0.8,5834,7.8,65898,87.7,604,0.8,318105,317496,609,242262,76.3,75177,23.7,57,0,1053059,318105,33
MURANG'A,5 to 14,231593,3939,,227637,17,75177,1966,2.6,292,0.4,583,0.8,5834,7.8,65898,87.7,604,0.8,318105,317496,609,242262,76.3,75177,23.7,57,0,1053059,318105,33
MURANG'A,65 plus,89446,81233,644,7542,27,75177,1966,2.6,292,0.4,583,0.8,5834,7.8,65898,87.7,604,0.8,318105,317496,609,242262,76.3,75177,23.7,57,0,1053059,318105,33
NAIROBI CITY,65 plus,56503,25413,3281,27790,19,1354882,28829,2.1,23794,1.8,14726,1.1,97984,7.2,1184499,87.4,5050,0.4,1506888,1494676,12212,138976,9.3,1354882,90.5999999999999,818,0.1,,,
NAIROBI CITY,18 to 24,701281,279225,123232,298554,270,1354882,28829,2.1,23794,1.8,14726,1.1,97984,7.2,1184499,87.4,5050,0.4,1506888,1494676,12212,138976,9.3,1354882,90.5999999999999,818,0.1,,,
NAIROBI CITY,Not Stated,126,,,,126,1354882,28829,2.1,23794,1.8,14726,1.1,97984,7.2,1184499,87.4,5050,0.4,1506888,1494676,12212,138976,9.3,1354882,90.5999999999999,818,0.1,,,
NAIROBI CITY,15 to 17,199266,8363,5795,185030,78,1354882,28829,2.1,23794,1.8,14726,1.1,97984,7.2,1184499,87.4,5050,0.4,1506888,1494676,12212,138976,9.3,1354882,90.5999999999999,818,0.1,,,
NAIROBI CITY,25 to 34,1062332,728095,175830,157973,434,1354882,28829,2.1,23794,1.8,14726,1.1,97984,7.2,1184499,87.4,5050,0.4,1506888,1494676,12212,138976,9.3,1354882,90.5999999999999,818,0.1,,,
NAIROBI CITY,35 to 64,989479,763332,114150,111563,434,1354882,28829,2.1,23794,1.8,14726,1.1,97984,7.2,1184499,87.4,5050,0.4,1506888,1494676,12212,138976,9.3,1354882,90.5999999999999,818,0.1,,,
NAIROBI CITY,Total,3814871,1812311,422288,1578696,1576,1354882,28829,2.1,23794,1.8,14726,1.1,97984,7.2,1184499,87.4,5050,0.4,1506888,1494676,12212,138976,9.3,1354882,90.5999999999999,818,0.1,,,
NAIROBI CITY,5 to 14,805884,7883,,797786,215,1354882,28829,2.1,23794,1.8,14726,1.1,97984,7.2,1184499,87.4,5050,0.4,1506888,1494676,12212,138976,9.3,1354882,90.5999999999999,818,0.1,,,
NAKURU,65 plus,72911,61461,1355,10083,12,322763,7877,2.4,4727,1.5,3131,1,20744,6.4,284538,88.2,1746,0.5,616046,598237,17809,275360,46,322763,54,114,0,2142667,616046,35
NAKURU,Total,1870222,909666,94842,865402,312,322763,7877,2.4,4727,1.5,3131,1,20744,6.4,284538,88.2,1746,0.5,616046,598237,17809,275360,46,322763,54,114,0,2142667,616046,35
NAKURU,5 to 14,539423,12687,,526679,57,322763,7877,2.4,4727,1.5,3131,1,20744,6.4,284538,88.2,1746,0.5,616046,598237,17809,275360,46,322763,54,114,0,2142667,616046,35
NAKURU,18 to 24,295500,139455,27243,128749,53,322763,7877,2.4,4727,1.5,3131,1,20744,6.4,284538,88.2,1746,0.5,616046,598237,17809,275360,46,322763,54,114,0,2142667,616046,35
NAKURU,15 to 17,148296,11437,1780,135042,37,322763,7877,2.4,4727,1.5,3131,1,20744,6.4,284538,88.2,1746,0.5,616046,598237,17809,275360,46,322763,54,114,0,2142667,616046,35
NAKURU,25 to 34,346839,274558,35588,36647,46,322763,7877,2.4,4727,1.5,3131,1,20744,6.4,284538,88.2,1746,0.5,616046,598237,17809,275360,46,322763,54,114,0,2142667,616046,35
NAKURU,Not Stated,28,,,,28,322763,7877,2.4,4727,1.5,3131,1,20744,6.4,284538,88.2,1746,0.5,616046,598237,17809,275360,46,322763,54,114,0,2142667,616046,35
NAKURU,35 to 64,467225,410068,28876,28202,79,322763,7877,2.4,4727,1.5,3131,1,20744,6.4,284538,88.2,1746,0.5,616046,598237,17809,275360,46,322763,54,114,0,2142667,616046,35
NANDI,35 to 64,181376,164935,7924,8493,24,42536,984,2.3,539,1.3,254,0.6,8206,19.3,32103,75.5,450,1.1,199426,199040,386,156477,78.5999999999999,42536,21.4,27,0,883634,199426,44
NANDI,25 to 34,129946,107926,10378,11631,11,42536,984,2.3,539,1.3,254,0.6,8206,19.3,32103,75.5,450,1.1,199426,199040,386,156477,78.5999999999999,42536,21.4,27,0,883634,199426,44
NANDI,65 plus,35888,32061,578,3245,4,42536,984,2.3,539,1.3,254,0.6,8206,19.3,32103,75.5,450,1.1,199426,199040,386,156477,78.5999999999999,42536,21.4,27,0,883634,199426,44
NANDI,5 to 14,242079,5954,,236105,20,42536,984,2.3,539,1.3,254,0.6,8206,19.3,32103,75.5,450,1.1,199426,199040,386,156477,78.5999999999999,42536,21.4,27,0,883634,199426,44
NANDI,Not Stated,2,,,,2,42536,984,2.3,539,1.3,254,0.6,8206,19.3,32103,75.5,450,1.1,199426,199040,386,156477,78.5999999999999,42536,21.4,27,0,883634,199426,44
NANDI,18 to 24,118772,51713,6197,60851,11,42536,984,2.3,539,1.3,254,0.6,8206,19.3,32103,75.5,450,1.1,199426,199040,386,156477,78.5999999999999,42536,21.4,27,0,883634,199426,44
NANDI,15 to 17,69716,4068,416,65224,8,42536,984,2.3,539,1.3,254,0.6,8206,19.3,32103,75.5,450,1.1,199426,199040,386,156477,78.5999999999999,42536,21.4,27,0,883634,199426,44
NANDI,Total,777779,366657,25493,385549,80,42536,984,2.3,539,1.3,254,0.6,8206,19.3,32103,75.5,450,1.1,199426,199040,386,156477,78.5999999999999,42536,21.4,27,0,883634,199426,44
NAROK,15 to 17,80930,13455,1055,66408,12,54964,1159,2.1,771,1.4,295,0.5,1864,3.4,50394,91.7,481,0.9,241125,238115,3010,183078,76.9,54964,23.1,73,0,1149379,241125,48
NAROK,5 to 14,378059,48246,,329768,45,54964,1159,2.1,771,1.4,295,0.5,1864,3.4,50394,91.7,481,0.9,241125,238115,3010,183078,76.9,54964,23.1,73,0,1149379,241125,48
NAROK,Not Stated,7,,,,7,54964,1159,2.1,771,1.4,295,0.5,1864,3.4,50394,91.7,481,0.9,241125,238115,3010,183078,76.9,54964,23.1,73,0,1149379,241125,48
NAROK,35 to 64,178505,161704,7241,9504,56,54964,1159,2.1,771,1.4,295,0.5,1864,3.4,50394,91.7,481,0.9,241125,238115,3010,183078,76.9,54964,23.1,73,0,1149379,241125,48
NAROK,18 to 24,142832,84271,6283,52252,26,54964,1159,2.1,771,1.4,295,0.5,1864,3.4,50394,91.7,481,0.9,241125,238115,3010,183078,76.9,54964,23.1,73,0,1149379,241125,48
NAROK,65 plus,27735,24163,566,3001,5,54964,1159,2.1,771,1.4,295,0.5,1864,3.4,50394,91.7,481,0.9,241125,238115,3010,183078,76.9,54964,23.1,73,0,1149379,241125,48
NAROK,Total,961649,464247,23739,473475,188,54964,1159,2.1,771,1.4,295,0.5,1864,3.4,50394,91.7,481,0.9,241125,238115,3010,183078,76.9,54964,23.1,73,0,1149379,241125,48
NAROK,25 to 34,153581,132408,8594,12542,37,54964,1159,2.1,771,1.4,295,0.5,1864,3.4,50394,91.7,481,0.9,241125,238115,3010,183078,76.9,54964,23.1,73,0,1149379,241125,48
NYAMIRA,5 to 14,172063,3518,,168532,13,21767,615,2.8,289,1.3,137,0.6,2174,10,18402,84.5,150,0.7,150669,150499,170,128713,85.5,21767,14.5,19,0,603051,150669,40
NYAMIRA,Total,538716,250423,18614,269627,52,21767,615,2.8,289,1.3,137,0.6,2174,10,18402,84.5,150,0.7,150669,150499,170,128713,85.5,21767,14.5,19,0,603051,150669,40
NYAMIRA,15 to 17,46701,3207,395,43095,4,21767,615,2.8,289,1.3,137,0.6,2174,10,18402,84.5,150,0.7,150669,150499,170,128713,85.5,21767,14.5,19,0,603051,150669,40
NYAMIRA,65 plus,30279,24237,566,5472,4,21767,615,2.8,289,1.3,137,0.6,2174,10,18402,84.5,150,0.7,150669,150499,170,128713,85.5,21767,14.5,19,0,603051,150669,40
NYAMIRA,35 to 64,135684,118460,6613,10596,15,21767,615,2.8,289,1.3,137,0.6,2174,10,18402,84.5,150,0.7,150669,150499,170,128713,85.5,21767,14.5,19,0,603051,150669,40
NYAMIRA,25 to 34,86511,69601,7151,9752,7,21767,615,2.8,289,1.3,137,0.6,2174,10,18402,84.5,150,0.7,150669,150499,170,128713,85.5,21767,14.5,19,0,603051,150669,40
NYAMIRA,18 to 24,67476,31400,3889,32180,7,21767,615,2.8,289,1.3,137,0.6,2174,10,18402,84.5,150,0.7,150669,150499,170,128713,85.5,21767,14.5,19,0,603051,150669,40
NYAMIRA,Not Stated,2,,,,2,21767,615,2.8,289,1.3,137,0.6,2174,10,18402,84.5,150,0.7,150669,150499,170,128713,85.5,21767,14.5,19,0,603051,150669,40
NYANDARUA,35 to 64,169020,163181,2982,2835,22,53734,1084,2,184,0.3,203,0.4,1026,1.9,50668,94.3,569,1.1,179686,178224,1462,124463,69.8,53734,30.1,27,0,636002,179686,35
NYANDARUA,15 to 17,49727,4437,204,45083,3,53734,1084,2,184,0.3,203,0.4,1026,1.9,50668,94.3,569,1.1,179686,178224,1462,124463,69.8,53734,30.1,27,0,636002,179686,35
NYANDARUA,65 plus,35833,33382,123,2320,8,53734,1084,2,184,0.3,203,0.4,1026,1.9,50668,94.3,569,1.1,179686,178224,1462,124463,69.8,53734,30.1,27,0,636002,179686,35
NYANDARUA,25 to 34,80525,73314,3442,3763,6,53734,1084,2,184,0.3,203,0.4,1026,1.9,50668,94.3,569,1.1,179686,178224,1462,124463,69.8,53734,30.1,27,0,636002,179686,35
NYANDARUA,18 to 24,73673,41028,3129,29510,6,53734,1084,2,184,0.3,203,0.4,1026,1.9,50668,94.3,569,1.1,179686,178224,1462,124463,69.8,53734,30.1,27,0,636002,179686,35
NYANDARUA,5 to 14,157376,3476,,153886,14,53734,1084,2,184,0.3,203,0.4,1026,1.9,50668,94.3,569,1.1,179686,178224,1462,124463,69.8,53734,30.1,27,0,636002,179686,35
NYANDARUA,Not Stated,4,,,,4,53734,1084,2,184,0.3,203,0.4,1026,1.9,50668,94.3,569,1.1,179686,178224,1462,124463,69.8,53734,30.1,27,0,636002,179686,35
NYANDARUA,Total,566158,318818,9880,237397,63,53734,1084,2,184,0.3,203,0.4,1026,1.9,50668,94.3,569,1.1,179686,178224,1462,124463,69.8,53734,30.1,27,0,636002,179686,35
NYERI,18 to 24,85389,39828,6408,39150,3,80917,3159,3.9,693,0.9,712,0.9,3243,4,72140,89.2,970,1.2,248050,244564,3486,163617,66.9,80917,33.1,30,0,752695,248050,30
NYERI,15 to 17,45907,1970,204,43733,,80917,3159,3.9,693,0.9,712,0.9,3243,4,72140,89.2,970,1.2,248050,244564,3486,163617,66.9,80917,33.1,30,0,752695,248050,30
NYERI,25 to 34,102465,86686,8477,7293,9,80917,3159,3.9,693,0.9,712,0.9,3243,4,72140,89.2,970,1.2,248050,244564,3486,163617,66.9,80917,33.1,30,0,752695,248050,30
NYERI,Total,679998,404432,24702,250817,47,80917,3159,3.9,693,0.9,712,0.9,3243,4,72140,89.2,970,1.2,248050,244564,3486,163617,66.9,80917,33.1,30,0,752695,248050,30
NYERI,Not Stated,8,,,,8,80917,3159,3.9,693,0.9,712,0.9,3243,4,72140,89.2,970,1.2,248050,244564,3486,163617,66.9,80917,33.1,30,0,752695,248050,30
NYERI,65 plus,60082,54532,466,5079,5,80917,3159,3.9,693,0.9,712,0.9,3243,4,72140,89.2,970,1.2,248050,244564,3486,163617,66.9,80917,33.1,30,0,752695,248050,30
NYERI,5 to 14,150950,1977,,148971,2,80917,3159,3.9,693,0.9,712,0.9,3243,4,72140,89.2,970,1.2,248050,244564,3486,163617,66.9,80917,33.1,30,0,752695,248050,30
NYERI,35 to 64,235197,219439,9147,6591,20,80917,3159,3.9,693,0.9,712,0.9,3243,4,72140,89.2,970,1.2,248050,244564,3486,163617,66.9,80917,33.1,30,0,752695,248050,30
SAMBURU,35 to 64,42945,34425,4063,4452,5,9543,388,4.1,250,2.6,51,0.5,258,2.7,8426,88.3,170,1.8,65910,63951,1959,54402,85.0999999999999,9543,14.9,6,0,307957,65910,47
SAMBURU,5 to 14,100775,38566,,62199,10,5808,121,2.1,152,2.6,20,0.3,399,6.9,5063,87.2,53,0.9,35070,34987,83,29155,83.3,5808,16.6,24,0.1,307957,65910,47
SAMBURU,18 to 24,41675,24854,3992,12828,1,5808,121,2.1,152,2.6,20,0.3,399,6.9,5063,87.2,53,0.9,35070,34987,83,29155,83.3,5808,16.6,24,0.1,307957,65910,47
SAMBURU,Not Stated,2,,,,2,5808,121,2.1,152,2.6,20,0.3,399,6.9,5063,87.2,53,0.9,35070,34987,83,29155,83.3,5808,16.6,24,0.1,307957,65910,47
SAMBURU,Total,257368,144384,14181,98776,27,5808,121,2.1,152,2.6,20,0.3,399,6.9,5063,87.2,53,0.9,35070,34987,83,29155,83.3,5808,16.6,24,0.1,307957,65910,47
SAMBURU,15 to 17,23046,9004,1300,12739,3,5808,121,2.1,152,2.6,20,0.3,399,6.9,5063,87.2,53,0.9,35070,34987,83,29155,83.3,5808,16.6,24,0.1,307957,65910,47
SAMBURU,25 to 34,39685,30594,4263,4824,4,5808,121,2.1,152,2.6,20,0.3,399,6.9,5063,87.2,53,0.9,35070,34987,83,29155,83.3,5808,16.6,24,0.1,307957,65910,47
SAMBURU,65 plus,9240,6941,563,1734,2,5808,121,2.1,152,2.6,20,0.3,399,6.9,5063,87.2,53,0.9,35070,34987,83,29155,83.3,5808,16.6,24,0.1,307957,65910,47
SIAYA,Total,868276,412930,22225,432797,324,11408,413,3.6,31,0.3,71,0.6,205,1.8,10581,92.8,107,0.9,57553,57386,167,45942,80.0999999999999,11408,19.9,36,0.1,989708,250698,39
SIAYA,15 to 17,76686,5950,385,70320,31,46969,1209,2.6,629,1.3,530,1.1,1015,2.2,43098,91.8,488,1,250698,249341,1357,202274,81.0999999999999,46969,18.8,98,0,989708,250698,39
SIAYA,25 to 34,129804,110746,8634,10385,39,46969,1209,2.6,629,1.3,530,1.1,1015,2.2,43098,91.8,488,1,250698,249341,1357,202274,81.0999999999999,46969,18.8,98,0,989708,250698,39
SIAYA,35 to 64,194431,179776,6647,7931,77,46969,1209,2.6,629,1.3,530,1.1,1015,2.2,43098,91.8,488,1,250698,249341,1357,202274,81.0999999999999,46969,18.8,98,0,989708,250698,39
SIAYA,Not Stated,24,,,,24,46969,1209,2.6,629,1.3,530,1.1,1015,2.2,43098,91.8,488,1,250698,249341,1357,202274,81.0999999999999,46969,18.8,98,0,989708,250698,39
SIAYA,5 to 14,288483,7544,,280856,83,46969,1209,2.6,629,1.3,530,1.1,1015,2.2,43098,91.8,488,1,250698,249341,1357,202274,81.0999999999999,46969,18.8,98,0,989708,250698,39
SIAYA,65 plus,59293,51022,629,7615,27,46969,1209,2.6,629,1.3,530,1.1,1015,2.2,43098,91.8,488,1,250698,249341,1357,202274,81.0999999999999,46969,18.8,98,0,989708,250698,39
SIAYA,18 to 24,119555,57892,5930,55690,43,46969,1209,2.6,629,1.3,530,1.1,1015,2.2,43098,91.8,488,1,250698,249341,1357,202274,81.0999999999999,46969,18.8,98,0,989708,250698,39
TAITA/TAVETA,35 to 64,87747,77234,5675,4815,23,31754,1341,4.2,152,0.5,687,2.2,2094,6.6,27085,85.3,395,1.2,96429,94468,1961,62688,66.4,31754,33.6,26,0,,,
TAITA/TAVETA,25 to 34,49577,40257,5243,4067,10,31754,1341,4.2,152,0.5,687,2.2,2094,6.6,27085,85.3,395,1.2,96429,94468,1961,62688,66.4,31754,33.6,26,0,,,
TAITA/TAVETA,Total,297186,161750,15886,119483,67,31754,1341,4.2,152,0.5,687,2.2,2094,6.6,27085,85.3,395,1.2,96429,94468,1961,62688,66.4,31754,33.6,26,0,,,
TAITA/TAVETA,65 plus,19620,16745,349,2525,1,31754,1341,4.2,152,0.5,687,2.2,2094,6.6,27085,85.3,395,1.2,96429,94468,1961,62688,66.4,31754,33.6,26,0,,,
TAITA/TAVETA,15 to 17,21951,2317,334,19297,3,31754,1341,4.2,152,0.5,687,2.2,2094,6.6,27085,85.3,395,1.2,96429,94468,1961,62688,66.4,31754,33.6,26,0,,,
TAITA/TAVETA,5 to 14,76972,2009,,74946,17,31754,1341,4.2,152,0.5,687,2.2,2094,6.6,27085,85.3,395,1.2,96429,94468,1961,62688,66.4,31754,33.6,26,0,,,
TAITA/TAVETA,Not Stated,3,,,,3,31754,1341,4.2,152,0.5,687,2.2,2094,6.6,27085,85.3,395,1.2,96429,94468,1961,62688,66.4,31754,33.6,26,0,,,
TAITA/TAVETA,18 to 24,41316,23188,4285,13833,10,31754,1341,4.2,152,0.5,687,2.2,2094,6.6,27085,85.3,395,1.2,96429,94468,1961,62688,66.4,31754,33.6,26,0,,,
TANA RIVER,Not Stated,6,,,,6,14383,691,4.8,502,3.5,407,2.8,521,3.6,12057,83.8,205,1.4,68242,66984,1258,52564,78.5,14383,21.5,37,0.1,314710,68242,46
TANA RIVER,Total,261570,118026,25851,117572,121,3774,337,8.9,92,2.4,39,1,82,2.2,3173,84.1,51,1.4,18565,18470,95,14678,79.5,3774,20.4,18,0.1,314710,68242,46
TANA RIVER,5 to 14,99420,24158,,75226,36,3774,337,8.9,92,2.4,39,1,82,2.2,3173,84.1,51,1.4,18565,18470,95,14678,79.5,3774,20.4,18,0.1,314710,68242,46
TANA RIVER,25 to 34,39780,25745,7804,6211,20,3774,337,8.9,92,2.4,39,1,82,2.2,3173,84.1,51,1.4,18565,18470,95,14678,79.5,3774,20.4,18,0.1,314710,68242,46
TANA RIVER,65 plus,9787,6042,981,2758,6,3774,337,8.9,92,2.4,39,1,82,2.2,3173,84.1,51,1.4,18565,18470,95,14678,79.5,3774,20.4,18,0.1,314710,68242,46
TANA RIVER,18 to 24,38818,19475,6746,12580,17,3774,337,8.9,92,2.4,39,1,82,2.2,3173,84.1,51,1.4,18565,18470,95,14678,79.5,3774,20.4,18,0.1,314710,68242,46
TANA RIVER,35 to 64,52773,37013,8667,7065,28,3774,337,8.9,92,2.4,39,1,82,2.2,3173,84.1,51,1.4,18565,18470,95,14678,79.5,3774,20.4,18,0.1,314710,68242,46
TANA RIVER,15 to 17,20986,5593,1653,13732,8,3774,337,8.9,92,2.4,39,1,82,2.2,3173,84.1,51,1.4,18565,18470,95,14678,79.5,3774,20.4,18,0.1,314710,68242,46
THARAKAtoNITHI,5 to 14,91047,3094,,87949,4,,,,,,,,,,,,,,,,,,,,,,,,,
THARAKAtoNITHI,35 to 64,103842,94445,5173,4196,28,,,,,,,,,,,,,,,,,,,,,,,,,
THARAKAtoNITHI,Total,351034,191231,13707,146026,70,,,,,,,,,,,,,,,,,,,,,,,,,
THARAKAtoNITHI,25 to 34,54313,45099,4873,4326,15,,,,,,,,,,,,,,,,,,,,,,,,,
THARAKAtoNITHI,Not Stated,10,,,,10,,,,,,,,,,,,,,,,,,,,,,,,,
THARAKAtoNITHI,18 to 24,46662,21825,3003,21829,5,,,,,,,,,,,,,,,,,,,,,,,,,
THARAKAtoNITHI,65 plus,27781,24409,427,2941,4,,,,,,,,,,,,,,,,,,,,,,,,,
THARAKAtoNITHI,15 to 17,27379,2359,231,24785,4,,,,,,,,,,,,,,,,,,,,,,,,,
TRANS NZOIA,65 plus,34282,28453,1006,4818,5,71976,2152,3,913,1.3,2046,2.8,1982,2.8,64091,89,792,1.1,223808,222989,819,150986,67.7,71976,32.3,27,0,985333,223808,44
TRANS NZOIA,25 to 34,131346,99880,14263,17194,9,71976,2152,3,913,1.3,2046,2.8,1982,2.8,64091,89,792,1.1,223808,222989,819,150986,67.7,71976,32.3,27,0,985333,223808,44
TRANS NZOIA,Total,856006,360674,38655,456613,64,71976,2152,3,913,1.3,2046,2.8,1982,2.8,64091,89,792,1.1,223808,222989,819,150986,67.7,71976,32.3,27,0,985333,223808,44
TRANS NZOIA,15 to 17,81024,5861,956,74205,2,71976,2152,3,913,1.3,2046,2.8,1982,2.8,64091,89,792,1.1,223808,222989,819,150986,67.7,71976,32.3,27,0,985333,223808,44
TRANS NZOIA,Not Stated,4,,,,4,71976,2152,3,913,1.3,2046,2.8,1982,2.8,64091,89,792,1.1,223808,222989,819,150986,67.7,71976,32.3,27,0,985333,223808,44
TRANS NZOIA,35 to 64,190817,162191,13162,15448,16,71976,2152,3,913,1.3,2046,2.8,1982,2.8,64091,89,792,1.1,223808,222989,819,150986,67.7,71976,32.3,27,0,985333,223808,44
TRANS NZOIA,5 to 14,291222,9780,,281427,15,71976,2152,3,913,1.3,2046,2.8,1982,2.8,64091,89,792,1.1,223808,222989,819,150986,67.7,71976,32.3,27,0,985333,223808,44
TRANS NZOIA,18 to 24,127311,54509,9268,63521,13,71976,2152,3,913,1.3,2046,2.8,1982,2.8,64091,89,792,1.1,223808,222989,819,150986,67.7,71976,32.3,27,0,985333,223808,44
TURKANA,15 to 17,76261,27129,17200,31856,76,25351,1679,6.6,990,3.9,138,0.5,732,2.9,14258,56.2,7554,29.8,164519,162627,1892,137157,84.3,25351,15.6,119,0.1,922210,164519,56
TURKANA,5 to 14,286631,98817,,187570,244,25351,1679,6.6,990,3.9,138,0.5,732,2.9,14258,56.2,7554,29.8,164519,162627,1892,137157,84.3,25351,15.6,119,0.1,922210,164519,56
TURKANA,Not Stated,3,,,,3,25351,1679,6.6,990,3.9,138,0.5,732,2.9,14258,56.2,7554,29.8,164519,162627,1892,137157,84.3,25351,15.6,119,0.1,922210,164519,56
TURKANA,25 to 34,131835,63619,43558,24555,103,25351,1679,6.6,990,3.9,138,0.5,732,2.9,14258,56.2,7554,29.8,164519,162627,1892,137157,84.3,25351,15.6,119,0.1,922210,164519,56
TURKANA,35 to 64,136885,72757,40532,23467,129,25351,1679,6.6,990,3.9,138,0.5,732,2.9,14258,56.2,7554,29.8,164519,162627,1892,137157,84.3,25351,15.6,119,0.1,922210,164519,56
TURKANA,65 plus,23159,11791,4466,6884,18,25351,1679,6.6,990,3.9,138,0.5,732,2.9,14258,56.2,7554,29.8,164519,162627,1892,137157,84.3,25351,15.6,119,0.1,922210,164519,56
TURKANA,Total,791011,327808,145174,317342,687,25351,1679,6.6,990,3.9,138,0.5,732,2.9,14258,56.2,7554,29.8,164519,162627,1892,137157,84.3,25351,15.6,119,0.1,922210,164519,56
TURKANA,18 to 24,136237,53695,39418,43010,114,25351,1679,6.6,990,3.9,138,0.5,732,2.9,14258,56.2,7554,29.8,164519,162627,1892,137157,84.3,25351,15.6,119,0.1,922210,164519,56
UASIN GISHU,35 to 64,238637,202631,18662,17307,37,147951,3226,2.2,2095,1.4,1946,1.3,6286,4.2,133360,90.1,1038,0.7,304943,301110,3833,153094,50.8,147951,49.1,65,0,1152671,304943,38
UASIN GISHU,65 plus,34353,29485,901,3959,8,147951,3226,2.2,2095,1.4,1946,1.3,6286,4.2,133360,90.1,1038,0.7,304943,301110,3833,153094,50.8,147951,49.1,65,0,1152671,304943,38
UASIN GISHU,18 to 24,174786,69096,17218,88454,18,147951,3226,2.2,2095,1.4,1946,1.3,6286,4.2,133360,90.1,1038,0.7,304943,301110,3833,153094,50.8,147951,49.1,65,0,1152671,304943,38
UASIN GISHU,5 to 14,286060,4361,,281679,20,147951,3226,2.2,2095,1.4,1946,1.3,6286,4.2,133360,90.1,1038,0.7,304943,301110,3833,153094,50.8,147951,49.1,65,0,1152671,304943,38
UASIN GISHU,Not Stated,11,,,,11,147951,3226,2.2,2095,1.4,1946,1.3,6286,4.2,133360,90.1,1038,0.7,304943,301110,3833,153094,50.8,147951,49.1,65,0,1152671,304943,38
UASIN GISHU,25 to 34,196801,142357,28243,26170,31,147951,3226,2.2,2095,1.4,1946,1.3,6286,4.2,133360,90.1,1038,0.7,304943,301110,3833,153094,50.8,147951,49.1,65,0,1152671,304943,38
UASIN GISHU,Total,1012918,451826,65879,495077,136,147951,3226,2.2,2095,1.4,1946,1.3,6286,4.2,133360,90.1,1038,0.7,304943,301110,3833,153094,50.8,147951,49.1,65,0,1152671,304943,38
UASIN GISHU,15 to 17,82270,3896,855,77508,11,147951,3226,2.2,2095,1.4,1946,1.3,6286,4.2,133360,90.1,1038,0.7,304943,301110,3833,153094,50.8,147951,49.1,65,0,1152671,304943,38
VIHIGA,65 plus,44096,39512,410,4161,13,16993,558,3.3,152,0.9,152,0.9,410,2.4,15462,91,259,1.5,143365,143288,77,126261,88.0999999999999,16993,11.9,34,0,587189,143365,41
VIHIGA,18 to 24,68016,30226,3511,34272,7,3622,203,5.6,41,1.1,39,1.1,63,1.7,3235,89.3,41,1.1,23375,23359,16,19729,84.5,3622,15.5,8,0,587189,143365,41
VIHIGA,15 to 17,48147,3017,223,44896,11,3622,203,5.6,41,1.1,39,1.1,63,1.7,3235,89.3,41,1.1,23375,23359,16,19729,84.5,3622,15.5,8,0,587189,143365,41
VIHIGA,Total,522668,250123,15154,257299,92,3622,203,5.6,41,1.1,39,1.1,63,1.7,3235,89.3,41,1.1,23375,23359,16,19729,84.5,3622,15.5,8,0,587189,143365,41
VIHIGA,Not Stated,7,,,,7,3622,203,5.6,41,1.1,39,1.1,63,1.7,3235,89.3,41,1.1,23375,23359,16,19729,84.5,3622,15.5,8,0,587189,143365,41
VIHIGA,25 to 34,65459,54091,5504,5849,15,3622,203,5.6,41,1.1,39,1.1,63,1.7,3235,89.3,41,1.1,23375,23359,16,19729,84.5,3622,15.5,8,0,587189,143365,41
VIHIGA,35 to 64,131435,119425,5506,6479,25,3622,203,5.6,41,1.1,39,1.1,63,1.7,3235,89.3,41,1.1,23375,23359,16,19729,84.5,3622,15.5,8,0,587189,143365,41
VIHIGA,5 to 14,165508,3852,,161642,14,3622,203,5.6,41,1.1,39,1.1,63,1.7,3235,89.3,41,1.1,23375,23359,16,19729,84.5,3622,15.5,8,0,587189,143365,41
WAJIR,15 to 17,66941,24206,18466,24261,8,6503,668,10.3,406,6.2,102,1.6,413,6.4,4867,74.8,47,0.7,127932,126878,1054,120367,94.9,6503,5.1,8,0,775302,127932,61
WAJIR,25 to 34,101966,55312,31457,15188,9,6503,668,10.3,406,6.2,102,1.6,413,6.4,4867,74.8,47,0.7,127932,126878,1054,120367,94.9,6503,5.1,8,0,775302,127932,61
WAJIR,65 plus,11446,6242,2986,2216,2,6503,668,10.3,406,6.2,102,1.6,413,6.4,4867,74.8,47,0.7,127932,126878,1054,120367,94.9,6503,5.1,8,0,775302,127932,61
WAJIR,35 to 64,106927,59977,33406,13533,11,6503,668,10.3,406,6.2,102,1.6,413,6.4,4867,74.8,47,0.7,127932,126878,1054,120367,94.9,6503,5.1,8,0,775302,127932,61
WAJIR,18 to 24,96144,42282,29759,24090,13,6503,668,10.3,406,6.2,102,1.6,413,6.4,4867,74.8,47,0.7,127932,126878,1054,120367,94.9,6503,5.1,8,0,775302,127932,61
WAJIR,5 to 14,269151,102667,,166465,19,6503,668,10.3,406,6.2,102,1.6,413,6.4,4867,74.8,47,0.7,127932,126878,1054,120367,94.9,6503,5.1,8,0,775302,127932,61
WAJIR,Not Stated,,,,,,6503,668,10.3,406,6.2,102,1.6,413,6.4,4867,74.8,47,0.7,127932,126878,1054,120367,94.9,6503,5.1,8,0,775302,127932,61
WAJIR,Total,652575,290686,116074,245753,62,6503,668,10.3,406,6.2,102,1.6,413,6.4,4867,74.8,47,0.7,127932,126878,1054,120367,94.9,6503,5.1,8,0,775302,127932,61
WEST POKOT,5 to 14,203229,45982,,157209,38,14192,681,4.8,479,3.4,157,1.1,451,3.2,12261,86.4,163,1.1,36341,36122,219,27579,76.3,8533,23.6,10,0,618867,116182,53
WEST POKOT,18 to 24,76499,37766,4709,34016,8,8533,357,4.2,166,1.9,107,1.3,279,3.3,7564,88.6,60,0.7,116182,115761,421,101538,87.7,14192,12.3,31,0,618867,116182,53
WEST POKOT,25 to 34,76936,60444,6967,9506,19,8533,357,4.2,166,1.9,107,1.3,279,3.3,7564,88.6,60,0.7,116182,115761,421,101538,87.7,14192,12.3,31,0,618867,116182,53
WEST POKOT,Total,505029,241125,19661,244145,98,8533,357,4.2,166,1.9,107,1.3,279,3.3,7564,88.6,60,0.7,116182,115761,421,101538,87.7,14192,12.3,31,0,618867,116182,53
WEST POKOT,65 plus,17804,14516,800,2485,3,8533,357,4.2,166,1.9,107,1.3,279,3.3,7564,88.6,60,0.7,116182,115761,421,101538,87.7,14192,12.3,31,0,618867,116182,53
WEST POKOT,15 to 17,44222,9231,1161,33822,8,8533,357,4.2,166,1.9,107,1.3,279,3.3,7564,88.6,60,0.7,116182,115761,421,101538,87.7,14192,12.3,31,0,618867,116182,53
WEST POKOT,35 to 64,86336,73186,6024,7107,19,8533,357,4.2,166,1.9,107,1.3,279,3.3,7564,88.6,60,0.7,116182,115761,421,101538,87.7,14192,12.3,31,0,618867,116182,53
WEST POKOT,Not Stated,3,,,,3,8533,357,4.2,166,1.9,107,1.3,279,3.3,7564,88.6,60,0.7,116182,115761,421,101538,87.7,14192,12.3,31,0,618867,116182,53
