County / Sub-county,"Rented/
Provided",Government,,County Government,,Parastatal,,Private company,,Individual,,"FBO/NGO/ Church/
Temple/Mosque",
,,Number,per cent,Number,per cent,Number,per cent,Number,per cent,Number,per cent,Number,per cent
KENYA,"4,660,027","107,462",2.3,"64,836",1.4,"47,904",1.0,"278,613",6.0,"4,123,599",88.5,"37,613",0.8
Rural,"990,602","26,423",2.7,"10,848",1.1,"12,645",1.3,"72,747",7.3,"846,343",85.4,"21,596",2.2
Urban,"3,669,425","81,039",2.2,"53,988",1.5,"35,259",1.0,"205,866",5.6,"3,277,256",89.3,"16,017",0.4
MOMBASA,"297,830","5,649",1.9,"6,056",2.0,"4,034",1.4,"16,131",5.4,"265,188",89.0,772,0.3
CHANGAMWE,"41,903",837,2.0,995,2.4,849,2.0,"2,301",5.5,"36,843",87.9,78,0.2
JOMVU,"39,185",127,0.3,219,0.6,302,0.8,610,1.6,"37,883",96.7,44,0.1
KISAUNI,"62,711",662,1.1,"1,009",1.6,479,0.8,"4,723",7.5,"55,756",88.9,82,0.1
LIKONI,"62,586",917,1.5,"1,908",3.0,570,0.9,988,1.6,"58,111",92.8,92,0.1
MVITA,"32,172","2,931",9.1,"1,374",4.3,"1,577",4.9,"3,028",9.4,"22,873",71.1,389,1.2
NYALI,"59,273",175,0.3,551,0.9,257,0.4,"4,481",7.6,"53,722",90.6,87,0.1
KWALE,"39,612",849,2.1,489,1.2,265,0.7,"1,578",4.0,"36,170",91.3,261,0.7
KINANGO,"1,359",62,4.6,44,3.2,10,0.7,6,0.4,"1,213",89.3,24,1.8
LUNGALUNGA,"3,973",91,2.3,28,0.7,84,2.1,70,1.8,"3,655",92.0,45,1.1
MATUGA,"6,374",403,6.3,112,1.8,89,1.4,213,3.3,"5,483",86.0,74,1.2
MSAMBWENI,"22,098",172,0.8,153,0.7,62,0.3,890,4.0,"20,756",93.9,65,0.3
SAMBURU,"5,808",121,2.1,152,2.6,20,0.3,399,6.9,"5,063",87.2,53,0.9
KILIFI,"98,466","1,965",2.0,"1,015",1.0,768,0.8,"5,410",5.5,"88,782",90.2,526,0.5
CHONYI,318,18,5.7,4,1.3,1,0.3,9,2.8,280,88.1,6,1.9
GANZE,"1,538",59,3.8,27,1.8,9,0.6,22,1.4,"1,398",90.9,23,1.5
KALOLENI,"8,693",781,9.0,110,1.3,41,0.5,346,4.0,"7,377",84.9,38,0.4
KAUMA,168,11,6.5,4,2.4,17,10.1,35,20.8,99,58.9,2,1.2
KILIFI NORTH,"16,361",401,2.5,67,0.4,74,0.5,676,4.1,"15,090",92.2,53,0.3
KILIFI SOUTH,"29,620",97,0.3,260,0.9,185,0.6,"2,758",9.3,"26,238",88.6,82,0.3
MAGARINI,"4,314",92,2.1,31,0.7,14,0.3,189,4.4,"3,875",89.8,113,2.6
MALINDI,"31,563",451,1.4,457,1.4,362,1.1,"1,213",3.8,"28,908",91.6,172,0.5
RABAI,"5,891",55,0.9,55,0.9,65,1.1,162,2.7,"5,517",93.7,37,0.6
TANA RIVER,"14,383",691,4.8,502,3.5,407,2.8,521,3.6,"12,057",83.8,205,1.4
TANA DELTA,"2,744",162,5.9,81,3.0,39,1.4,19,0.7,"2,325",84.7,118,4.3
TANA NORTH,"7,865",192,2.4,329,4.2,329,4.2,420,5.3,"6,559",83.4,36,0.5
TANA RIVER,"3,774",337,8.9,92,2.4,39,1.0,82,2.2,"3,173",84.1,51,1.4
LAMU,"10,981",536,4.9,63,0.6,24,0.2,260,2.4,"9,929",90.4,169,1.5
LAMU EAST,"1,187",83,7.0,9,0.8,5,0.4,3,0.3,"1,080",91.0,7,0.6
LAMU WEST,"9,794",453,4.6,54,0.6,19,0.2,257,2.6,"8,849",90.4,162,1.7
TAITA/TAVETA,"31,754","1,341",4.2,152,0.5,687,2.2,"2,094",6.6,"27,085",85.3,395,1.2
MWATATE,"6,248",84,1.3,16,0.3,33,0.5,"1,285",20.6,"4,701",75.2,129,2.1
TAITA,"2,517",366,14.5,37,1.5,11,0.4,58,2.3,"1,962",77.9,83,3.3
TAVETA,"8,053",513,6.4,67,0.8,124,1.5,455,5.7,"6,832",84.8,62,0.8
VOI,"14,936",378,2.5,32,0.2,519,3.5,296,2.0,"13,590",91.0,121,0.8
GARISSA,"17,450","1,090",6.2,947,5.4,432,2.5,866,5.0,"13,028",74.7,"1,087",6.2
BALAMBALA,71,33,46.5,7,9.9,,,6,8.5,24,33.8,1,1.4
DADAAB,"2,048",192,9.4,123,6.0,43,2.1,87,4.2,771,37.6,832,40.6
FAFI,"1,047",111,10.6,58,5.5,66,6.3,68,6.5,551,52.6,193,18.4
GARISSA,"11,892",621,5.2,576,4.8,257,2.2,621,5.2,"9,782",82.3,35,0.3
HULUGHO,318,5,1.6,14,4.4,16,5.0,12,3.8,262,82.4,9,2.8
IJARA,"1,714",32,1.9,153,8.9,44,2.6,62,3.6,"1,411",82.3,12,0.7
LAGDERA,360,96,26.7,16,4.4,6,1.7,10,2.8,227,63.1,5,1.4
WAJIR,"6,503",668,10.3,406,6.2,102,1.6,413,6.4,"4,867",74.8,47,0.7
BUNA,153,11,7.2,14,9.2,4,2.6,10,6.5,111,72.5,3,2.0
ELDAS,151,11,7.3,9,6.0,7,4.6,39,25.8,82,54.3,3,2.0
HABASWEIN,"1,293",83,6.4,46,3.6,38,2.9,99,7.7,"1,014",78.4,13,1.0
TARBAJ,102,21,20.6,3,2.9,4,3.9,9,8.8,64,62.7,1,1.0
WAJIR EAST,"3,285",362,11.0,243,7.4,37,1.1,212,6.5,"2,413",73.5,18,0.5
WAJIR NORTH,623,94,15.1,31,5.0,1,0.2,8,1.3,482,77.4,7,1.1
WAJIR SOUTH,351,24,6.8,47,13.4,8,2.3,13,3.7,257,73.2,2,0.6
WAJIR WEST,545,62,11.4,13,2.4,3,0.6,23,4.2,444,81.5,,
MANDERA,"9,410",387,4.1,434,4.6,261,2.8,461,4.9,"7,774",82.6,93,1.0
MANDERA WEST,718,6,0.8,14,1.9,19,2.6,40,5.6,622,86.6,17,2.4
BANISA,386,9,2.3,36,9.3,7,1.8,19,4.9,312,80.8,3,0.8
KOTULO,325,15,4.6,36,11.1,15,4.6,28,8.6,230,70.8,1,0.3
LAFEY,314,12,3.8,11,3.5,8,2.5,6,1.9,220,70.1,57,18.2
MANDERA CENTRAL,"1,451",13,0.9,59,4.1,16,1.1,124,8.5,"1,233",85.0,6,0.4
MANDERA EAST,"5,524",204,3.7,248,4.5,192,3.5,234,4.2,"4,642",84.0,4,0.1
MANDERA NORTH,692,128,18.5,30,4.3,4,0.6,10,1.4,515,74.4,5,0.7
MARSABIT,"10,561",572,5.4,169,1.6,90,0.9,256,2.4,"9,329",88.3,145,1.4
LOIYANGALANI,270,42,15.6,57,21.1,,,9,3.3,151,55.9,11,4.1
MARSABIT CENTRAL,"4,776",157,3.3,32,0.7,18,0.4,136,2.8,"4,392",92.0,41,0.9
MARSABIT NORTH,130,17,13.1,4,3.1,,,5,3.8,89,68.5,15,11.5
MARSABIT SOUTH,409,69,16.9,29,7.1,3,0.7,17,4.2,244,59.7,47,11.5
MOYALE,"4,194",260,6.2,39,0.9,49,1.2,74,1.8,"3,753",89.5,19,0.5
NORTH HORR,114,24,21.1,1,0.9,18,15.8,,,67,58.8,4,3.5
SOLOLO,668,3,0.4,7,1.0,2,0.3,15,2.2,633,94.8,8,1.2
ISIOLO,"14,918",794,5.3,198,1.3,115,0.8,344,2.3,"13,317",89.3,150,1.0
GARBATULLA,"1,592",118,7.4,68,4.3,4,0.3,13,0.8,"1,366",85.8,23,1.4
ISIOLO,"12,934",624,4.8,127,1.0,111,0.9,328,2.5,"11,620",89.8,124,1.0
MERTI,392,52,13.3,3,0.8,,,3,0.8,331,84.4,3,0.8
MERU,"109,916","1,698",1.5,847,0.8,597,0.5,"2,596",2.4,"103,275",94.0,903,0.8
BUURI EAST,"5,986",64,1.1,65,1.1,8,0.1,128,2.1,"5,667",94.7,54,0.9
BUURI WEST,"14,685",112,0.8,93,0.6,20,0.1,981,6.7,"13,382",91.1,97,0.7
IGEMBE CENTRAL,"9,624",85,0.9,18,0.2,14,0.1,106,1.1,"9,337",97.0,64,0.7
IGEMBE NORTH,"7,158",91,1.3,96,1.3,52,0.7,102,1.4,"6,769",94.6,48,0.7
IGEMBE SOUTH,"13,507",143,1.1,121,0.9,221,1.6,316,2.3,"12,633",93.5,73,0.5
IMENTI NORTH,"27,198",562,2.1,187,0.7,34,0.1,365,1.3,"25,844",95.0,206,0.8
IMENTI SOUTH,"17,221",253,1.5,174,1.0,57,0.3,295,1.7,"16,254",94.4,188,1.1
MERU CENTRAL,"6,436",118,1.8,19,0.3,31,0.5,126,2.0,"6,088",94.6,54,0.8
TIGANIA CENTRAL,"2,767",60,2.2,24,0.9,71,2.6,86,3.1,"2,515",90.9,11,0.4
TIGANIA EAST,"1,900",75,3.9,8,0.4,14,0.7,26,1.4,"1,689",88.9,88,4.6
TIGANIA WEST,"3,310",108,3.3,41,1.2,19,0.6,64,1.9,"3,058",92.4,20,0.6
MERU NATIONAL PARK,46,18,39.1,,,28,60.9,,,,,,
MT. KENYA FOREST,78,9,11.5,1,1.3,28,35.9,1,1.3,39,50.0,,
THARAKA-NITHI,"19,062",479,2.5,91,0.5,148,0.8,282,1.5,"17,694",92.8,368,1.9
IGAMBANG'OMBE,"1,826",53,2.9,10,0.5,4,0.2,15,0.8,"1,722",94.3,22,1.2
MAARA,"5,845",102,1.7,25,0.4,27,0.5,190,3.3,"5,324",91.1,177,3.0
MERU SOUTH,"7,943",120,1.5,40,0.5,67,0.8,41,0.5,"7,607",95.8,68,0.9
THARAKA NORTH,"1,088",78,7.2,5,0.5,9,0.8,12,1.1,973,89.4,11,1.0
THARAKA SOUTH,"2,289",91,4.0,8,0.3,8,0.3,24,1.0,"2,068",90.3,90,3.9
MT. KENYA FOREST,71,35,49.3,3,4.2,33,46.5,,,,,,
EMBU,"49,298","1,812",3.7,136,0.3,344,0.7,"1,268",2.6,"45,359",92.0,379,0.8
EMBU EAST,"6,742",203,3.0,26,0.4,27,0.4,159,2.4,"6,257",92.8,70,1.0
EMBU NORTH,"4,188",138,3.3,7,0.2,11,0.3,42,1.0,"3,949",94.3,41,1.0
EMBU WEST,"23,280","1,100",4.7,61,0.3,155,0.7,389,1.7,"21,423",92.0,152,0.7
MBEERE SOUTH,"9,630",214,2.2,16,0.2,35,0.4,560,5.8,"8,731",90.7,74,0.8
MBEERE NORTH,"5,444",156,2.9,26,0.5,103,1.9,118,2.2,"4,999",91.8,42,0.8
MT. KENYA FOREST,14,1,7.1,,,13,92.9,,,,,,
KITUI,"37,132","1,344",3.6,229,0.6,200,0.5,"1,212",3.3,"33,738",90.9,409,1.1
IKUTHA,"1,463",31,2.1,5,0.3,6,0.4,129,8.8,"1,271",86.9,21,1.4
KATULANI,"1,050",43,4.1,25,2.4,6,0.6,24,2.3,932,88.8,20,1.9
KISASI,"1,045",34,3.3,3,0.3,1,0.1,130,12.4,866,82.9,11,1.1
KITUI CENTRAL,"11,150",486,4.4,55,0.5,34,0.3,432,3.9,"10,103",90.6,40,0.4
KITUI WEST,"1,726",24,1.4,7,0.4,30,1.7,38,2.2,"1,617",93.7,10,0.6
KYUSO,"1,443",82,5.7,5,0.3,2,0.1,139,9.6,"1,198",83.0,17,1.2
LOWER YATTA,"2,040",27,1.3,3,0.1,100,4.9,22,1.1,"1,759",86.2,129,6.3
MATINYANI,524,36,6.9,1,0.2,1,0.2,6,1.1,477,91.0,3,0.6
MIGWANI,"1,169",48,4.1,7,0.6,2,0.2,13,1.1,"1,071",91.6,28,2.4
MUMONI,411,4,1.0,2,0.5,,,16,3.9,388,94.4,1,0.2
MUTITU,894,35,3.9,2,0.2,3,0.3,6,0.7,840,94.0,8,0.9
MUTITU NORTH,491,27,5.5,,,2,0.4,5,1.0,452,92.1,5,1.0
MUTOMO,"2,346",116,4.9,47,2.0,4,0.2,21,0.9,"2,107",89.8,51,2.2
MWINGI CENTRAL,"7,437",185,2.5,48,0.6,7,0.1,173,2.3,"6,993",94.0,31,0.4
MWINGI EAST,"1,531",65,4.2,18,1.2,1,0.1,38,2.5,"1,394",91.1,15,1.0
NZAMBANI,"1,498",44,2.9,,,,,13,0.9,"1,427",95.3,14,0.9
THAGICU,102,1,1.0,,,,,,,100,98.0,1,1.0
TSEIKURU,812,56,6.9,1,0.1,1,0.1,7,0.9,743,91.5,4,0.5
MACHAKOS,"141,539","1,900",1.3,"1,329",0.9,"1,762",1.2,"8,930",6.3,"126,718",89.5,900,0.6
ATHI RIVER,"85,645",444,0.5,818,1.0,988,1.2,"7,297",8.5,"75,865",88.6,233,0.3
KALAMA,"1,162",,,3,0.3,95,8.2,142,12.2,802,69.0,120,10.3
KANGUNDO,"2,149",99,4.6,20,0.9,12,0.6,43,2.0,"1,943",90.4,32,1.5
KATHIANI,"2,094",94,4.5,12,0.6,7,0.3,52,2.5,"1,877",89.6,52,2.5
MACHAKOS,"21,246",806,3.8,94,0.4,167,0.8,450,2.1,"19,580",92.2,149,0.7
MASINGA,"4,279",71,1.7,28,0.7,287,6.7,82,1.9,"3,775",88.2,36,0.8
MATUNGULU,"10,838",78,0.7,111,1.0,130,1.2,429,4.0,"10,003",92.3,87,0.8
MWALA,"5,021",88,1.8,20,0.4,30,0.6,164,3.3,"4,645",92.5,74,1.5
YATTA,"9,105",220,2.4,223,2.4,46,0.5,271,3.0,"8,228",90.4,117,1.3
MAKUENI,"45,609","1,054",2.3,695,1.5,236,0.5,"2,339",5.1,"40,684",89.2,601,1.3
KATHONZWENI,"2,153",49,2.3,69,3.2,3,0.1,115,5.3,"1,884",87.5,33,1.5
KIBWEZI,"11,379",140,1.2,195,1.7,76,0.7,"1,148",10.1,"9,703",85.3,117,1.0
KILUNGU,626,42,6.7,1,0.2,,,37,5.9,528,84.3,18,2.9
MAKINDU,"6,280",128,2.0,43,0.7,89,1.4,370,5.9,"5,588",89.0,62,1.0
MAKUENI,"9,580",295,3.1,71,0.7,16,0.2,202,2.1,"8,920",93.1,76,0.8
MBOONI EAST,"2,094",82,3.9,14,0.7,3,0.1,16,0.8,"1,950",93.1,29,1.4
MBOONI WEST,"1,670",81,4.9,4,0.2,1,0.1,25,1.5,"1,500",89.8,59,3.5
MUKAA,"5,871",182,3.1,210,3.6,34,0.6,298,5.1,"5,008",85.3,139,2.4
NZAUI,"5,956",55,0.9,88,1.5,14,0.2,128,2.1,"5,603",94.1,68,1.1
NYANDARUA,"53,734","1,084",2.0,184,0.3,203,0.4,"1,026",1.9,"50,668",94.3,569,1.1
KINANGOP,"9,613",71,0.7,40,0.4,51,0.5,172,1.8,"9,197",95.7,82,0.9
NYANDARUA SOUTH,"8,094",96,1.2,13,0.2,41,0.5,104,1.3,"7,633",94.3,207,2.6
MIRANGINE,"5,123",181,3.5,15,0.3,13,0.3,160,3.1,"4,697",91.7,57,1.1
KIPIPIRI,"4,787",169,3.5,14,0.3,18,0.4,73,1.5,"4,473",93.4,40,0.8
NYANDARUA CENTRAL,"9,007",176,2.0,54,0.6,37,0.4,199,2.2,"8,455",93.9,86,1.0
NYANDARUA WEST,"10,489",209,2.0,32,0.3,12,0.1,264,2.5,"9,922",94.6,50,0.5
NYANDARUA NORTH,"6,612",173,2.6,16,0.2,31,0.5,54,0.8,"6,291",95.1,47,0.7
ABERDARE NATIONAL PAR,K    9,9,100.0,,,,,,,,,,
NYERI,"80,917","3,159",3.9,693,0.9,712,0.9,"3,243",4.0,"72,140",89.2,970,1.2
TETU,"2,987",218,7.3,12,0.4,47,1.6,124,4.2,"2,549",85.3,37,1.2
KIENI EAST,"16,997",174,1.0,169,1.0,123,0.7,737,4.3,"15,637",92.0,157,0.9
KIENI WEST,"8,276",148,1.8,31,0.4,35,0.4,461,5.6,"7,469",90.2,132,1.6
MATHIRA EAST,"12,437",241,1.9,75,0.6,150,1.2,143,1.1,"11,764",94.6,64,0.5
MATHIRA WEST,"2,242",195,8.7,16,0.7,29,1.3,77,3.4,"1,851",82.6,74,3.3
NYERI SOUTH,"5,952",257,4.3,22,0.4,66,1.1,219,3.7,"5,327",89.5,61,1.0
MUKURWE-INI,"2,750",158,5.7,31,1.1,16,0.6,32,1.2,"2,455",89.3,58,2.1
NYERI CENTRAL,"29,154","1,731",5.9,333,1.1,170,0.6,"1,446",5.0,"25,087",86.0,387,1.3
MT. KENYA FOREST,74,37,50.0,4,5.4,32,43.2,,,1,1.4,,
ABERDARE FOREST,48,,,,,44,91.7,4,8.3,,,,
KIRINYAGA,"61,325","1,397",2.3,288,0.5,517,0.8,"1,392",2.3,"57,282",93.4,449,0.7
KIRINYAGA CENTRAL,"10,570",462,4.4,100,0.9,73,0.7,463,4.4,"9,363",88.6,109,1.0
KIRINYAGA EAST,"7,739",148,1.9,12,0.2,29,0.4,231,3.0,"7,262",93.8,57,0.7
KIRINYAGA WEST,"10,827",245,2.3,109,1.0,77,0.7,210,1.9,"10,068",93.0,118,1.1
MWEA EAST,"21,452",404,1.9,20,0.1,246,1.1,344,1.6,"20,366",94.9,72,0.3
MWEA WEST,"10,714",119,1.1,47,0.4,92,0.9,140,1.3,"10,223",95.4,93,0.9
MT. KENYA FOREST,23,19,82.6,,,,,4,17.4,,,,
MURANG'A,"75,177","1,966",2.6,292,0.4,583,0.8,"5,834",7.8,"65,898",87.7,604,0.8
MURANG'A EAST,"12,390",542,4.4,96,0.8,29,0.2,304,2.5,"11,355",91.6,64,0.5
KANGEMA,"4,052",137,3.4,4,0.1,69,1.7,171,4.2,"3,627",89.5,44,1.1
MATHIOYA,"3,858",102,2.6,14,0.4,84,2.2,197,5.1,"3,395",88.0,66,1.7
KAHURO,"2,604",97,3.7,16,0.6,72,2.8,34,1.3,"2,331",89.5,54,2.1
MURANG'A SOUTH,"17,518",397,2.3,54,0.3,54,0.3,"1,015",5.8,"15,900",90.8,98,0.6
GATANGA,"17,085",342,2.0,78,0.5,140,0.8,"3,760",22.0,"12,614",73.8,151,0.9
KIGUMO,"8,282",188,2.3,11,0.1,84,1.0,246,3.0,"7,714",93.1,39,0.5
KANDARA,"9,378",155,1.7,19,0.2,51,0.5,103,1.1,"8,962",95.6,88,0.9
ABERDARE FOREST,10,6,60.0,,,,,4,40.0,,,,
KIAMBU,"498,012","6,371",1.3,"3,587",0.7,"2,529",0.5,"27,933",5.6,"454,827",91.3,"2,765",0.6
GATUNDU NORTH,"6,475",135,2.1,37,0.6,75,1.2,237,3.7,"5,926",91.5,65,1.0
GATUNDU SOUTH,"7,442",226,3.0,12,0.2,44,0.6,114,1.5,"6,996",94.0,50,0.7
GITHUNGURI,"13,963",244,1.7,29,0.2,24,0.2,267,1.9,"13,278",95.1,121,0.9
JUJA,"73,652",970,1.3,434,0.6,410,0.6,"5,282",7.2,"66,403",90.2,153,0.2
KABETE,"42,720",300,0.7,21,0.0,32,0.1,"1,251",2.9,"40,909",95.8,207,0.5
KIAMBAA,"55,535",187,0.3,225,0.4,120,0.2,"2,942",5.3,"51,889",93.4,172,0.3
KIAMBU,"31,003",631,2.0,94,0.3,154,0.5,"2,738",8.8,"27,309",88.1,77,0.2
KIKUYU,"36,606",430,1.2,50,0.1,631,1.7,"1,243",3.4,"33,893",92.6,359,1.0
LARI,"12,933",270,2.1,157,1.2,139,1.1,404,3.1,"11,571",89.5,392,3.0
LIMURU,"26,637",339,1.3,54,0.2,239,0.9,"2,838",10.7,"22,856",85.8,311,1.2
RUIRU,"107,423","1,018",0.9,531,0.5,133,0.1,"5,318",5.0,"100,140",93.2,283,0.3
THIKA EAST,"6,743",167,2.5,5,0.1,45,0.7,626,9.3,"5,831",86.5,69,1.0
THIKA WEST,"76,880","1,454",1.9,"1,938",2.5,483,0.6,"4,673",6.1,"67,826",88.2,506,0.7
TURKANA,"25,351","1,679",6.6,990,3.9,138,0.5,732,2.9,"14,258",56.2,"7,554",29.8
KIBISH,48,21,43.8,3,6.3,,,,,11,22.9,13,27.1
LOIMA,255,24,9.4,1,0.4,4,1.6,3,1.2,189,74.1,34,13.3
TURKANA CENTRAL,"9,422",688,7.3,419,4.4,57,0.6,249,2.6,"7,896",83.8,113,1.2
TURKANA EAST,473,88,18.6,3,0.6,1,0.2,10,2.1,365,77.2,6,1.3
TURKANA NORTH,481,91,18.9,15,3.1,4,0.8,48,10.0,228,47.4,95,19.8
TURKANA SOUTH,"3,300",400,12.1,146,4.4,20,0.6,82,2.5,"2,595",78.6,57,1.7
TURKANA WEST,"11,372",367,3.2,403,3.5,52,0.5,340,3.0,"2,974",26.2,"7,236",63.6
WEST POKOT,"14,192",681,4.8,479,3.4,157,1.1,451,3.2,"12,261",86.4,163,1.1
KIPKOMO,"2,473",58,2.3,118,4.8,17,0.7,116,4.7,"2,139",86.5,25,1.0
POKOT CENTRAL,"1,048",98,9.4,128,12.2,20,1.9,15,1.4,757,72.2,30,2.9
POKOT NORTH,"1,079",144,13.3,50,4.6,11,1.0,16,1.5,819,75.9,39,3.6
POKOTSOUTH,"1,059",24,2.3,17,1.6,2,0.2,25,2.4,982,92.7,9,0.8
WEST POKOT,"8,533",357,4.2,166,1.9,107,1.3,279,3.3,"7,564",88.6,60,0.7
SAMBURU,"9,543",388,4.1,250,2.6,51,0.5,258,2.7,"8,426",88.3,170,1.8
SAMBURU CENTRAL,"6,675",330,4.9,228,3.4,50,0.7,212,3.2,"5,772",86.5,83,1.2
SAMBURU EAST,"1,949",38,1.9,17,0.9,,,35,1.8,"1,787",91.7,72,3.7
SAMBURU NORTH,919,20,2.2,5,0.5,1,0.1,11,1.2,867,94.3,15,1.6
TRANS NZOIA,"71,976","2,152",3.0,913,1.3,"2,046",2.8,"1,982",2.8,"64,091",89.0,792,1.1
TRANS NZOIA WEST,"22,818","1,257",5.5,420,1.8,496,2.2,555,2.4,"19,911",87.3,179,0.8
TRANS NZOIA EAST,"11,112",238,2.1,80,0.7,103,0.9,434,3.9,"10,066",90.6,191,1.7
KWANZA,"12,703",179,1.4,145,1.1,249,2.0,269,2.1,"11,685",92.0,176,1.4
ENDEBESS,"5,921",259,4.4,67,1.1,"1,083",18.3,403,6.8,"4,066",68.7,43,0.7
KIMININI,"19,422",219,1.1,201,1.0,115,0.6,321,1.7,"18,363",94.5,203,1.0
UASIN GISHU,"147,951","3,226",2.2,"2,095",1.4,"1,946",1.3,"6,286",4.2,"133,360",90.1,"1,038",0.7
AINABKOI,"16,218",539,3.3,228,1.4,112,0.7,816,5.0,"14,303",88.2,220,1.4
KAPSERET,"40,966",463,1.1,481,1.2,380,0.9,"1,823",4.5,"37,584",91.7,235,0.6
KESSES,"10,104",273,2.7,89,0.9,66,0.7,184,1.8,"9,405",93.1,87,0.9
MOIBEN,"22,214",333,1.5,100,0.5,130,0.6,927,4.2,"20,593",92.7,131,0.6
SOY,"17,758",610,3.4,396,2.2,716,4.0,453,2.6,"15,459",87.1,124,0.7
TURBO,"40,691","1,008",2.5,801,2.0,542,1.3,"2,083",5.1,"36,016",88.5,241,0.6
ELGEYO/MARAKWET,"17,868",716,4.0,151,0.8,119,0.7,549,3.1,"16,129",90.3,204,1.1
KEIYO NORTH,"5,146",287,5.6,37,0.7,57,1.1,204,4.0,"4,527",88.0,34,0.7
KEIYO SOUTH,"3,750",225,6.0,40,1.1,36,1.0,201,5.4,"3,195",85.2,53,1.4
MARAKWET EAST,"2,468",78,3.2,44,1.8,6,0.2,25,1.0,"2,292",92.9,23,0.9
MARAKWET WEST,"6,504",126,1.9,30,0.5,20,0.3,119,1.8,"6,115",94.0,94,1.4
NANDI,"42,536",984,2.3,539,1.3,254,0.6,"8,206",19.3,"32,103",75.5,450,1.1
CHESUMEI,"10,363",105,1.0,187,1.8,50,0.5,178,1.7,"9,677",93.4,166,1.6
NANDI CENTRAL,"8,346",427,5.1,154,1.8,112,1.3,617,7.4,"6,961",83.4,75,0.9
NANDI EAST,"12,427",151,1.2,132,1.1,31,0.2,"5,586",45.0,"6,473",52.1,54,0.4
NANDI NORTH,"3,185",73,2.3,18,0.6,9,0.3,52,1.6,"2,986",93.8,47,1.5
NANDI SOUTH,"4,105",82,2.0,39,1.0,41,1.0,132,3.2,"3,776",92.0,35,0.9
TINDERET,"4,110",146,3.6,9,0.2,11,0.3,"1,641",39.9,"2,230",54.3,73,1.8
BARINGO,"28,282","1,574",5.6,334,1.2,367,1.3,836,3.0,"24,892",88.0,279,1.0
BARINGO CENTRAL,"6,352",393,6.2,81,1.3,75,1.2,104,1.6,"5,659",89.1,40,0.6
BARINGO NORTH,"2,151",110,5.1,14,0.7,5,0.2,36,1.7,"1,970",91.6,16,0.7
EAST POKOT,642,80,12.5,4,0.6,2,0.3,22,3.4,507,79.0,27,4.2
KOIBATEK,"10,622",556,5.2,131,1.2,168,1.6,217,2.0,"9,464",89.1,86,0.8
MARIGAT,"4,590",219,4.8,76,1.7,63,1.4,176,3.8,"3,990",86.9,66,1.4
MOGOTIO,"3,333",141,4.2,23,0.7,54,1.6,235,7.1,"2,861",85.8,19,0.6
TIATY EAST,592,75,12.7,5,0.8,,,46,7.8,441,74.5,25,4.2
LAIKIPIA,"56,835","1,872",3.3,945,1.7,289,0.5,"4,464",7.9,"48,763",85.8,502,0.9
LAIKIPIA CENTRAL,"11,165",185,1.7,115,1.0,53,0.5,668,6.0,"10,091",90.4,53,0.5
LAIKIPIA EAST,"17,295",798,4.6,312,1.8,30,0.2,"1,641",9.5,"14,351",83.0,163,0.9
LAIKIPIA NORTH,"1,093",81,7.4,8,0.7,7,0.6,522,47.8,457,41.8,18,1.6
LAIKIPIA WEST,"8,582",296,3.4,328,3.8,86,1.0,838,9.8,"6,919",80.6,115,1.3
NYAHURURU,"18,700",512,2.7,182,1.0,113,0.6,795,4.3,"16,945",90.6,153,0.8
NAKURU,"322,763","7,877",2.4,"4,727",1.5,"3,131",1.0,"20,744",6.4,"284,538",88.2,"1,746",0.5
GILGIL,"23,021","1,352",5.9,29,0.1,242,1.1,"1,122",4.9,"20,058",87.1,218,0.9
KURESOI NORTH,"8,795",323,3.7,31,0.4,11,0.1,243,2.8,"8,099",92.1,88,1.0
KURESOI SOUTH,"6,777",89,1.3,18,0.3,93,1.4,704,10.4,"5,857",86.4,16,0.2
MOLO,"17,995",476,2.6,89,0.5,45,0.3,461,2.6,"16,792",93.3,132,0.7
NAIVASHA,"77,962","1,581",2.0,499,0.6,779,1.0,"8,756",11.2,"66,111",84.8,236,0.3
NAKURU EAST,"50,388","2,174",4.3,"2,831",5.6,418,0.8,"2,135",4.2,"42,523",84.4,307,0.6
NAKURU NORTH,"31,977",150,0.5,72,0.2,188,0.6,991,3.1,"30,420",95.1,156,0.5
NAKURU WEST,"54,557",947,1.7,882,1.6,998,1.8,"3,516",6.4,"47,984",88.0,230,0.4
NJORO,"22,949",359,1.6,169,0.7,284,1.2,677,3.0,"21,337",93.0,123,0.5
RONGAI,"22,944",368,1.6,96,0.4,73,0.3,"2,030",8.8,"20,195",88.0,182,0.8
SUBUKIA,"5,398",58,1.1,11,0.2,,,109,2.0,"5,162",95.6,58,1.1
NAROK,"54,964","1,159",2.1,771,1.4,295,0.5,"1,864",3.4,"50,394",91.7,481,0.9
NAROK EAST,"6,594",89,1.3,32,0.5,40,0.6,255,3.9,"6,113",92.7,65,1.0
NAROK NORTH,"26,982",573,2.1,219,0.8,138,0.5,688,2.5,"25,197",93.4,167,0.6
NAROK SOUTH,"5,423",156,2.9,192,3.5,12,0.2,100,1.8,"4,904",90.4,59,1.1
NAROK WEST,"3,648",49,1.3,153,4.2,27,0.7,254,7.0,"3,085",84.6,80,2.2
TRANS MARA EAST,602,8,1.3,4,0.7,,,14,2.3,562,93.4,14,2.3
TRANS MARA WEST,"11,715",284,2.4,171,1.5,78,0.7,553,4.7,"10,533",89.9,96,0.8
MAU FOREST,,,,,,,,,,,,,
KAJIADO,"185,863","1,819",1.0,"2,576",1.4,"1,011",0.5,"16,740",9.0,"162,643",87.5,"1,074",0.6
ISINYA,"58,651",507,0.9,"1,160",2.0,622,1.1,"9,180",15.7,"46,951",80.1,231,0.4
KAJIADO CENTRAL,"13,062",423,3.2,95,0.7,40,0.3,345,2.6,"12,073",92.4,86,0.7
KAJIADO NORTH,"81,846",578,0.7,666,0.8,154,0.2,"4,946",6.0,"75,019",91.7,483,0.6
KAJIADO WEST,"12,386",56,0.5,151,1.2,32,0.3,"1,363",11.0,"10,666",86.1,118,1.0
LOITOKITOK,"13,370",151,1.1,330,2.5,109,0.8,732,5.5,"11,935",89.3,113,0.8
MASHUURU,"6,548",104,1.6,174,2.7,54,0.8,174,2.7,"5,999",91.6,43,0.7
KERICHO,"52,873","1,648",3.1,422,0.8,799,1.5,"9,771",18.5,"39,853",75.4,380,0.7
BELGUT,"10,519",146,1.4,18,0.2,29,0.3,"5,161",49.1,"5,140",48.9,25,0.2
BURETI,"8,073",238,2.9,38,0.5,40,0.5,507,6.3,"7,187",89.0,63,0.8
KERICHO EAST,"20,768",735,3.5,159,0.8,290,1.4,"1,936",9.3,"17,506",84.3,142,0.7
KIPKELION,"2,125",101,4.8,40,1.9,43,2.0,120,5.6,"1,780",83.8,41,1.9
LONDIANI,"8,171",341,4.2,40,0.5,393,4.8,"1,783",21.8,"5,543",67.8,71,0.9
SOIN SIGOWET,"3,217",87,2.7,127,3.9,4,0.1,264,8.2,"2,697",83.8,38,1.2
BOMET,"31,630",565,1.8,437,1.4,178,0.6,"7,929",25.1,"22,218",70.2,303,1.0
BOMET EAST,"2,420",53,2.2,60,2.5,9,0.4,161,6.7,"2,120",87.6,17,0.7
CHEPALUNGU,"1,131",40,3.5,12,1.1,1,0.1,38,3.4,"1,022",90.4,18,1.6
KONOIN,"13,736",105,0.8,69,0.5,67,0.5,"6,696",48.7,"6,723",48.9,76,0.6
SOTIK,"6,153",215,3.5,43,0.7,45,0.7,877,14.3,"4,913",79.8,60,1.0
BOMET CENTRAL,"8,190",152,1.9,253,3.1,56,0.7,157,1.9,"7,440",90.8,132,1.6
KAKAMEGA,"62,765","2,495",4.0,"1,025",1.6,484,0.8,"2,570",4.1,"55,353",88.2,838,1.3
BUTERE,"2,422",140,5.8,77,3.2,4,0.2,48,2.0,"2,118",87.4,35,1.4
KAKAMEGA CENTRAL,"23,790","1,094",4.6,346,1.5,100,0.4,486,2.0,"21,607",90.8,157,0.7
KAKAMEGA EAST,"3,602",351,9.7,88,2.4,96,2.7,121,3.4,"2,885",80.1,61,1.7
KAKAMEGA NORTH,"5,063",72,1.4,55,1.1,13,0.3,196,3.9,"4,677",92.4,50,1.0
KAKAMEGA SOUTH,"1,353",84,6.2,8,0.6,43,3.2,44,3.3,"1,120",82.8,54,4.0
KHWISERO,"1,510",80,5.3,54,3.6,25,1.7,22,1.5,"1,283",85.0,46,3.0
LIKUYANI,"6,842",212,3.1,106,1.5,63,0.9,167,2.4,"6,151",89.9,143,2.1
LUGARI,"3,959",142,3.6,29,0.7,11,0.3,71,1.8,"3,641",92.0,65,1.6
MATETE,"1,220",23,1.9,3,0.2,,,34,2.8,"1,140",93.4,20,1.6
MATUNGU,"2,569",61,2.4,34,1.3,22,0.9,138,5.4,"2,295",89.3,19,0.7
MUMIAS EAST,"2,223",40,1.8,18,0.8,1,0.0,83,3.7,"2,048",92.1,33,1.5
MUMIAS WEST,"6,957",123,1.8,188,2.7,55,0.8,"1,122",16.1,"5,345",76.8,124,1.8
NAVAKHOLO,"1,255",73,5.8,19,1.5,51,4.1,38,3.0,"1,043",83.1,31,2.5
VIHIGA,"16,993",558,3.3,152,0.9,152,0.9,410,2.4,"15,462",91.0,259,1.5
EMUHAYA,"1,325",90,6.8,7,0.5,33,2.5,17,1.3,"1,161",87.6,17,1.3
VIHIGA,"3,622",203,5.6,41,1.1,39,1.1,63,1.7,"3,235",89.3,41,1.1
SABATIA,"4,434",126,2.8,36,0.8,2,0.0,121,2.7,"4,088",92.2,61,1.4
LUANDA,"3,123",57,1.8,38,1.2,10,0.3,61,2.0,"2,923",93.6,34,1.1
HAMISI,"4,485",78,1.7,30,0.7,68,1.5,148,3.3,"4,055",90.4,106,2.4
KAKAMEGA FOREST,4,4,100.0,,,,,,,,,,
BUNGOMA,"64,317","1,727",2.7,548,0.9,627,1.0,"1,330",2.1,"59,581",92.6,504,0.8
BUMULA,"2,770",75,2.7,37,1.3,16,0.6,51,1.8,"2,551",92.1,40,1.4
BUNGOMA CENTRAL,"5,374",123,2.3,22,0.4,7,0.1,35,0.7,"5,149",95.8,38,0.7
BUNGOMA EAST,"4,536",223,4.9,20,0.4,52,1.1,355,7.8,"3,847",84.8,39,0.9
BUNGOMA NORTH,"2,905",55,1.9,13,0.4,3,0.1,54,1.9,"2,736",94.2,44,1.5
BUNGOMA SOUTH,"25,330",546,2.2,178,0.7,272,1.1,389,1.5,"23,851",94.2,94,0.4
CHEPTAIS,"3,052",64,2.1,51,1.7,72,2.4,40,1.3,"2,783",91.2,42,1.4
KIMILILI,"7,044",135,1.9,83,1.2,11,0.2,109,1.5,"6,659",94.5,47,0.7
MT ELGON,"2,144",140,6.5,3,0.1,48,2.2,159,7.4,"1,766",82.4,28,1.3
BUNGOMA WEST,"2,329",116,5.0,9,0.4,112,4.8,30,1.3,"2,025",86.9,37,1.6
TONGAREN,"2,606",52,2.0,7,0.3,18,0.7,36,1.4,"2,451",94.1,42,1.6
WEBUYE WEST,"6,221",197,3.2,125,2.0,16,0.3,72,1.2,"5,758",92.6,53,0.9
MT. ELGON FOREST,6,1,16.7,,,,,,,5,83.3,,
BUSIA,"36,137","1,117",3.1,486,1.3,448,1.2,790,2.2,"33,051",91.5,245,0.7
BUNYALA,"4,120",113,2.7,31,0.8,4,0.1,77,1.9,"3,870",93.9,25,0.6
BUSIA,"10,472",362,3.5,258,2.5,143,1.4,267,2.5,"9,423",90.0,19,0.2
BUTULA,"3,235",82,2.5,14,0.4,6,0.2,42,1.3,"3,049",94.3,42,1.3
NAMBALE,"2,818",59,2.1,25,0.9,43,1.5,67,2.4,"2,603",92.4,21,0.7
SAMIA,"2,261",120,5.3,14,0.6,25,1.1,29,1.3,"2,004",88.6,69,3.1
TESO NORTH,"5,908",153,2.6,91,1.5,134,2.3,138,2.3,"5,348",90.5,44,0.7
TESO SOUTH,"7,323",228,3.1,53,0.7,93,1.3,170,2.3,"6,754",92.2,25,0.3
SIAYA,"46,969","1,209",2.6,629,1.3,530,1.1,"1,015",2.2,"43,098",91.8,488,1.0
SIAYA,"11,408",413,3.6,31,0.3,71,0.6,205,1.8,"10,581",92.8,107,0.9
GEM,"4,915",190,3.9,134,2.7,115,2.3,190,3.9,"4,201",85.5,85,1.7
UGENYA,"3,622",152,4.2,62,1.7,28,0.8,46,1.3,"3,301",91.1,33,0.9
UGUNJA,"4,311",103,2.4,9,0.2,28,0.6,64,1.5,"4,056",94.1,51,1.2
BONDO,"17,851",191,1.1,186,1.0,218,1.2,373,2.1,"16,751",93.8,132,0.7
RARIEDA,"4,862",160,3.3,207,4.3,70,1.4,137,2.8,"4,208",86.5,80,1.6
KISUMU,"120,033","4,039",3.4,"1,306",1.1,"3,100",2.6,"3,423",2.9,"107,400",89.5,765,0.6
KISUMU EAST,"37,293",83,0.2,505,1.4,277,0.7,955,2.6,"35,340",94.8,133,0.4
KISUMU CENTRAL,"45,990","2,338",5.1,361,0.8,671,1.5,894,1.9,"41,515",90.3,211,0.5
KISUMU WEST,"14,310",857,6.0,90,0.6,62,0.4,321,2.2,"12,896",90.1,84,0.6
SEME,"2,608",85,3.3,62,2.4,38,1.5,90,3.5,"2,278",87.3,55,2.1
MUHORONI,"9,604",470,4.9,128,1.3,"1,577",16.4,869,9.0,"6,435",67.0,125,1.3
NYANDO,"6,452",165,2.6,136,2.1,236,3.7,171,2.7,"5,670",87.9,74,1.1
NYAKACH,"3,776",41,1.1,24,0.6,239,6.3,123,3.3,"3,266",86.5,83,2.2
HOMA BAY,"48,472","1,376",2.8,911,1.9,507,1.0,"1,499",3.1,"43,566",89.9,613,1.3
HOMA BAY,"11,451",504,4.4,272,2.4,122,1.1,361,3.2,"10,087",88.1,105,0.9
NDHIWA,"4,801",161,3.4,54,1.1,57,1.2,257,5.4,"4,212",87.7,60,1.2
RACHUONYO NORTH,"4,818",190,3.9,276,5.7,59,1.2,130,2.7,"4,035",83.7,128,2.7
RACHUONYO EAST,"2,357",57,2.4,17,0.7,57,2.4,22,0.9,"2,148",91.1,56,2.4
RACHUONYO SOUTH,"6,550",91,1.4,49,0.7,44,0.7,297,4.5,"6,015",91.8,54,0.8
RANGWE,"1,995",102,5.1,127,6.4,37,1.9,85,4.3,"1,569",78.6,75,3.8
SUBA NORTH,"9,563",164,1.7,66,0.7,27,0.3,208,2.2,"9,005",94.2,93,1.0
SUBA SOUTH,"6,937",107,1.5,50,0.7,104,1.5,139,2.0,"6,495",93.6,42,0.6
MIGORI,"49,346","1,125",2.3,580,1.2,"1,131",2.3,"1,125",2.3,"44,884",91.0,501,1.0
AWENDO,"6,690",149,2.2,26,0.4,637,9.5,168,2.5,"5,635",84.2,75,1.1
KURIA EAST,932,128,13.7,10,1.1,1,0.1,17,1.8,766,82.2,10,1.1
KURIA WEST,"8,938",155,1.7,35,0.4,103,1.2,206,2.3,"8,405",94.0,34,0.4
NYATIKE,"7,794",172,2.2,128,1.6,141,1.8,156,2.0,"7,125",91.4,72,0.9
RONGO,"7,005",161,2.3,54,0.8,24,0.3,173,2.5,"6,487",92.6,106,1.5
SUNA EAST,"6,890",211,3.1,14,0.2,67,1.0,239,3.5,"6,303",91.5,56,0.8
SUNA WEST,"8,198",47,0.6,162,2.0,111,1.4,81,1.0,"7,701",93.9,96,1.2
URIRI,"2,899",102,3.5,151,5.2,47,1.6,85,2.9,"2,462",84.9,52,1.8
KISII,"52,130","1,226",2.4,685,1.3,265,0.5,"1,092",2.1,"48,565",93.2,297,0.6
ETAGO,"1,225",33,2.7,66,5.4,1,0.1,20,1.6,"1,095",89.4,10,0.8
GUCHA,"2,438",33,1.4,2,0.1,7,0.3,133,5.5,"2,253",92.4,10,0.4
GUCHA SOUTH,"1,851",47,2.5,,,2,0.1,48,2.6,"1,668",90.1,86,4.6
KENYENYA,"3,505",31,0.9,92,2.6,15,0.4,16,0.5,"3,333",95.1,18,0.5
KISII CENTRAL,"15,476",785,5.1,181,1.2,78,0.5,353,2.3,"14,024",90.6,55,0.4
KISII SOUTH,"3,432",42,1.2,7,0.2,36,1.0,92,2.7,"3,236",94.3,19,0.6
KITUTU CENTRAL,"16,236",127,0.8,274,1.7,97,0.6,310,1.9,"15,403",94.9,25,0.2
MARANI,"1,150",42,3.7,5,0.4,3,0.3,7,0.6,"1,071",93.1,22,1.9
MASABA SOUTH,"2,958",61,2.1,31,1.0,1,0.0,27,0.9,"2,812",95.1,26,0.9
NYAMACHE,"2,490",14,0.6,6,0.2,14,0.6,76,3.1,"2,366",95.0,14,0.6
SAMETA,"1,369",11,0.8,21,1.5,11,0.8,10,0.7,"1,304",95.3,12,0.9
NYAMIRA,"21,767",615,2.8,289,1.3,137,0.6,"2,174",10.0,"18,402",84.5,150,0.7
BORABU,"8,368",107,1.3,34,0.4,65,0.8,"1,859",22.2,"6,235",74.5,68,0.8
MANGA,"2,376",78,3.3,108,4.5,17,0.7,8,0.3,"2,154",90.7,11,0.5
MASABA NORTH,"3,082",101,3.3,60,1.9,40,1.3,67,2.2,"2,801",90.9,13,0.4
NYAMIRA NORTH,"3,349",85,2.5,1,0.0,13,0.4,118,3.5,"3,094",92.4,38,1.1
NYAMIRA SOUTH,"4,592",244,5.3,86,1.9,2,0.0,122,2.7,"4,118",89.7,20,0.4
NAIROBI CITY,"1,354,882","28,829",2.1,"23,794",1.8,"14,726",1.1,"97,984",7.2,"1,184,499",87.4,"5,050",0.4
DAGORETTI,"140,898",432,0.3,"1,400",1.0,740,0.5,"8,579",6.1,"129,417",91.9,330,0.2
EMBAKASI,"328,498","2,690",0.8,"2,903",0.9,"2,440",0.7,"31,101",9.5,"288,905",87.9,459,0.1
KAMUKUNJI,"79,869","1,979",2.5,"3,019",3.8,472,0.6,"7,098",8.9,"66,952",83.8,349,0.4
KASARANI,"246,121","4,273",1.7,"2,394",1.0,"1,540",0.6,"14,920",6.1,"222,404",90.4,590,0.2
KIBRA,"55,504","1,659",3.0,"1,484",2.7,"1,233",2.2,"1,313",2.4,"49,642",89.4,173,0.3
LANG'ATA,"47,853","3,813",8.0,331,0.7,899,1.9,"5,122",10.7,"36,930",77.2,758,1.6
MAKADARA,"65,557","5,404",8.2,"6,293",9.6,"3,383",5.2,"2,529",3.9,"47,452",72.4,496,0.8
MATHARE,"72,778",814,1.1,"1,910",2.6,153,0.2,"3,782",5.2,"66,041",90.7,78,0.1
NJIRU,"169,306","1,018",0.6,"1,880",1.1,778,0.5,"5,900",3.5,"159,380",94.1,350,0.2
STAREHE,"62,111","3,673",5.9,"1,449",2.3,"1,884",3.0,"6,766",10.9,"47,964",77.2,375,0.6
WESTLANDS,"86,387","3,074",3.6,731,0.8,"1,204",1.4,"10,874",12.6,"69,412",80.4,"1,092",1.3
